name,artist,album,album_type,release_date,duration,added_at,added_by,track_popularity,avg_artist_popularity,danceability,energy,key,loudness,mode,speechiness,acousticness,instrumentalness,liveness,valence,tempo,time_signature,track_id,artists
Rumble,"Skrillex, Fred again.., Flowdan",Rumble,single,2023-01-04,2:26,2023-01-09T10:23:07Z,Thomas Brouwer,71,71.33333333333333,0.81,0.836,1,-7.721,0,0.0645,0.0515,0.229,0.0598,0.0585,139.979,4,1GfBLbAhZUWdseuDqhocmn,"[{'name': 'Skrillex', 'genres': ['brostep', 'complextro', 'edm', 'electro', 'pop dance'], 'popularity': 74}, {'name': 'Fred again..', 'genres': ['edm', 'house', 'stutter house'], 'popularity': 75}, {'name': 'Flowdan', 'genres': ['grime'], 'popularity': 65}]"
Strung Out Johnny,Iggy Pop,EVERY LOSER,album,2023-01-06,4:13,2023-01-09T20:40:04Z,hvdpal58,45,59.0,0.521,0.884,10,-5.354,0,0.0387,0.000156,0.0191,0.0837,0.465,124.051,4,6OGIBcJV5qV1FF5uiofnX0,"[{'name': 'Iggy Pop', 'genres': ['alternative rock', 'glam rock', 'permanent wave', 'protopunk', 'rock'], 'popularity': 59}]"
Kill Bill,SZA,SOS,album,2022-12-09,2:33,2023-01-09T20:50:12Z,hvdpal58,86,87.0,0.644,0.728,8,-5.75,1,0.0351,0.0543,0.169,0.161,0.43,88.993,4,3OHfY25tqY28d16oZczHc8,"[{'name': 'SZA', 'genres': ['pop', 'r&b', 'rap'], 'popularity': 87}]"
Sail On By,Blanco White,Sail On By,single,2023-01-13,3:23,2023-01-13T12:15:11Z,svdpal,37,53.0,0.188,0.106,11,-17.23,0,0.0383,0.948,0.0707,0.11,0.182,173.842,3,1fSdmIgkLD4zsy21GfRCrU,"[{'name': 'Blanco White', 'genres': ['british singer-songwriter', 'indie anthem-folk', 'indie folk'], 'popularity': 53}]"
Be On Your Way,Daughter,Be On Your Way,single,2023-01-09,4:4,2023-01-13T12:19:16Z,svdpal,44,59.0,0.49,0.567,7,-10.187,1,0.0283,0.143,0.049,0.116,0.234,101.899,4,0R3wEiSEO8AM3UJBvdvvmv,"[{'name': 'Daughter', 'genres': ['chamber pop', 'shimmer pop'], 'popularity': 59}]"
Flowers,Miley Cyrus,Flowers,single,2023-01-13,3:20,2023-01-15T09:41:42Z,svdpal,50,83.0,0.707,0.681,0,-4.325,1,0.0668,0.0632,5.15e-06,0.0322,0.646,117.999,4,0yLdNVWF3Srea0uzk55zFn,"[{'name': 'Miley Cyrus', 'genres': ['pop'], 'popularity': 83}]"
Don’t Lose Time,Weval,Don’t Lose Time,single,2023-01-17,6:13,2023-01-20T16:28:20Z,svdpal,22,48.0,0.766,0.758,7,-6.973,0,0.0459,0.179,0.827,0.0881,0.637,121.004,4,3I1CfmUZZrLAyYY4zm409Y,"[{'name': 'Weval', 'genres': ['electronica', 'french indietronica'], 'popularity': 48}]"
LLYLM,ROSALÍA,LLYLM,single,2023-01-27,2:54,2023-01-27T10:36:45Z,Thomas Brouwer,73,78.0,0.555,0.634,6,-5.522,0,0.273,0.129,2.32e-06,0.188,0.555,170.228,4,2SiAcexM2p1yX6joESbehd,"[{'name': 'ROSALÍA', 'genres': ['latin viral pop', 'pop', 'r&b en espanol'], 'popularity': 78}]"
Silent Running (feat. Adeleye Omotayo),"Gorillaz, Adeleye Omotayo",Silent Running (feat. Adeleye Omotayo),single,2023-01-27,4:26,2023-01-29T17:18:34Z,Thomas Brouwer,1,60.5,0.659,0.901,8,-3.549,1,0.0359,0.0614,9.17e-05,0.182,0.776,106.997,4,5t6VBNWXxcwlrxCjU7ytGg,"[{'name': 'Gorillaz', 'genres': ['alternative hip hop', 'modern rock', 'rock'], 'popularity': 76}, {'name': 'Adeleye Omotayo', 'genres': [], 'popularity': 45}]"
Mooier Als Je Lacht,Sophie Straat,Mooier Als Je Lacht,single,2023-01-27,3:38,2023-01-29T17:22:21Z,Thomas Brouwer,19,35.0,0.734,0.68,9,-9.252,1,0.0305,0.0301,0.549,0.163,0.884,116.99,4,0DJ1GDJ7PQkNdHFeFfdV2E,"[{'name': 'Sophie Straat', 'genres': ['dutch indie'], 'popularity': 35}]"
City of Angels,Ladytron,Time's Arrow,album,2023-01-20,4:38,2023-02-04T15:51:06Z,hvdpal58,35,48.0,0.482,0.591,4,-9.755,1,0.0307,0.00124,0.957,0.304,0.216,123.015,4,2Ieb7nl6BF74DaOgYUO2Sf,"[{'name': 'Ladytron', 'genres': ['alternative dance', 'dark synthpop', 'electroclash', 'electronica', 'indietronica', 'neo-synthpop'], 'popularity': 48}]"
MERCY,"John Cale, Laurel Halo",MERCY,album,2023-01-20,7:0,2023-02-04T15:59:00Z,hvdpal58,29,41.5,0.231,0.572,0,-10.299,1,0.0409,0.335,0.821,0.344,0.132,185.945,4,1S5KEj2FV5TJAoHJaXHmC0,"[{'name': 'John Cale', 'genres': ['art rock', 'melancholia', 'singer-songwriter'], 'popularity': 43}, {'name': 'Laurel Halo', 'genres': ['art pop', 'electra', 'experimental pop', 'gauze pop', 'hauntology', 'mandible', 'outsider house', 'spectra'], 'popularity': 40}]"
Unholy (feat. Kim Petras),"Sam Smith, Kim Petras",Gloria,album,2023-01-27,2:36,2023-02-05T13:48:45Z,hvdpal58,82,77.5,0.712,0.463,2,-7.399,1,0.0797,0.011,2.96e-06,0.301,0.206,131.199,4,0NZPBYD5qbEWRs3PrGiRkT,"[{'name': 'Sam Smith', 'genres': ['pop', 'uk pop'], 'popularity': 82}, {'name': 'Kim Petras', 'genres': ['alt z', 'pop', 'transpop'], 'popularity': 73}]"
The White Lotus Theme (Aloha!),"Dimitri Vegas, Steve Aoki",The White Lotus Theme (Aloha!),single,2023-01-27,2:25,2023-02-07T09:30:14Z,Thomas Brouwer,0,65.5,0.755,0.892,0,-5.224,0,0.0462,0.109,0.844,0.107,0.0697,126.004,4,3Hda0GqECvOiHtzEaderf5,"[{'name': 'Dimitri Vegas', 'genres': ['belgian edm'], 'popularity': 61}, {'name': 'Steve Aoki', 'genres': ['edm', 'electro house', 'pop dance'], 'popularity': 70}]"
Freefall,"Interstellar Funk, Loradeniz",Never Been,single,2023-01-16,6:47,2023-02-07T15:16:00Z,Thomas Brouwer,15,9.5,0.507,0.665,6,-10.194,0,0.0276,0.00271,0.665,0.102,0.168,124.004,4,5sKfJiBQ7gKrzusdMnJf2O,"[{'name': 'Interstellar Funk', 'genres': ['float house'], 'popularity': 11}, {'name': 'Loradeniz', 'genres': ['turkish alternative'], 'popularity': 8}]"
In Lightning,Feist,Multitudes,single,2023-02-14,3:25,2023-02-16T12:31:08Z,Thomas Brouwer,0,58.0,0.449,0.535,0,-6.902,0,0.0713,0.665,0.000264,0.469,0.417,119.06,3,21LkpL2YLUtD4UYGGRERNP,"[{'name': 'Feist', 'genres': ['art pop', 'canadian indie', 'canadian pop', 'chamber pop', 'indie pop', 'indie rock'], 'popularity': 58}]"
The Butcha,"Corinda, Wes Lee",The Butcha,single,2022-12-23,7:10,2023-02-16T14:03:52Z,Thomas Brouwer,8,1.5,0.816,0.707,2,-11.725,1,0.0439,0.0718,0.848,0.0666,0.0773,113.011,4,5ESvWxB6IZFJDkOqlJ4MwF,"[{'name': 'Corinda', 'genres': [], 'popularity': 2}, {'name': 'Wes Lee', 'genres': [], 'popularity': 1}]"
Blood And Butter,Caroline Polachek,"Desire, I Want To Turn Into You",album,2023-02-14,4:27,2023-02-17T10:18:49Z,Thomas Brouwer,57,60.0,0.589,0.682,0,-6.699,1,0.0347,0.229,0.00174,0.0583,0.398,90.027,4,5KE5Inz4uZKGb2EzETaOEe,"[{'name': 'Caroline Polachek', 'genres': ['art pop', 'escape room', 'indie pop', 'indietronica'], 'popularity': 60}]"
A&W,Lana Del Rey,A&W,single,2023-02-14,7:13,2023-02-21T00:44:40Z,svdpal,4,89.0,0.416,0.248,10,-14.62,1,0.14,0.647,0.427,0.113,0.134,161.667,4,1wTopxO5eQBpxrBXPSbsUn,"[{'name': 'Lana Del Rey', 'genres': ['art pop', 'pop'], 'popularity': 89}]"
Offering - A COLORS SHOW,Gabriels,Offering - A COLORS SHOW,single,2023-02-16,3:8,2023-02-22T14:29:14Z,Thomas Brouwer,41,53.0,0.728,0.601,7,-9.507,0,0.0739,0.463,0.658,0.107,0.44,119.208,4,0kxDdCDxMbpNkdpw7AtajU,"[{'name': 'Gabriels', 'genres': [], 'popularity': 53}]"
Branded Content,Coloray,Branded Content,single,2023-02-24,4:55,2023-02-26T13:42:56Z,Thomas Brouwer,8,29.0,0.55,0.872,0,-6.246,1,0.0443,0.00455,0.866,0.19,0.968,144.994,4,5du4evSv0ensHTal0oJHuR,"[{'name': 'Coloray', 'genres': [], 'popularity': 29}]"
New Order T-Shirt,The National,New Order T-Shirt,single,2023-02-23,4:56,2023-02-28T23:47:34Z,svdpal,49,66.0,0.558,0.747,3,-8.76,1,0.0489,0.387,0.00514,0.0942,0.372,103.42,4,6bVQ9ygrzZj9B7Z5hLB1bk,"[{'name': 'The National', 'genres': ['chamber pop', 'indie folk', 'indie rock', 'indietronica', 'modern rock'], 'popularity': 66}]"
How To Be Human,Amber Run,How To Be Human,album,2023-02-24,3:48,2023-02-28T23:56:12Z,svdpal,30,57.0,0.409,0.61,4,-7.882,1,0.0374,0.0339,0.00557,0.108,0.487,180.082,4,6uKLmDqK2zOO8BJ2vvYaMr,"[{'name': 'Amber Run', 'genres': ['indie anthem-folk'], 'popularity': 57}]"
Die 4 Me,Halsey,Die 4 Me,single,2023-02-24,3:35,2023-03-01T00:06:45Z,svdpal,68,79.0,0.694,0.743,7,-4.267,0,0.0833,0.355,0,0.275,0.554,145.048,4,6VYAzAQGFsfEAwdorQaZuU,"[{'name': 'Halsey', 'genres': ['electropop', 'etherpop', 'indie poptimism', 'pop'], 'popularity': 79}]"
The Goat,Tramhaus,The Goat,single,2023-02-02,4:45,2023-03-02T11:01:19Z,hvdpal58,25,20.0,0.642,0.833,4,-7.487,0,0.0446,0.134,0.201,0.0749,0.599,113.676,4,4HQ0lXAa4GnSffEILjhnMf,"[{'name': 'Tramhaus', 'genres': ['dutch indie'], 'popularity': 20}]"
Güzelliğin On Para Etmez,Altin Gün,Güzelliğin On Para Etmez,single,2023-02-07,3:46,2023-03-02T11:12:50Z,hvdpal58,19,46.0,0.326,0.427,5,-10.477,1,0.0317,0.83,0.00305,0.0767,0.122,180.008,4,5PP3y51Sfrv9kcGtVZqIWx,"[{'name': 'Altin Gün', 'genres': ['dutch indie', 'turkish psych'], 'popularity': 46}]"
Paradijs,Spinvis,Paradijs,single,2023-02-16,5:4,2023-03-03T08:03:07Z,hvdpal58,28,43.0,0.624,0.548,1,-13.249,0,0.0359,0.162,0.0759,0.209,0.964,150.056,4,06zIeWzI812yZ5Tji91xrf,"[{'name': 'Spinvis', 'genres': ['dutch indie'], 'popularity': 43}]"
Contact,Kelela,Raven,album,2023-02-10,4:0,2023-03-06T12:11:22Z,Thomas Brouwer,56,53.0,0.714,0.819,6,-8.801,0,0.0663,0.387,0.123,0.0887,0.747,127.099,4,6RlczF1bVrcf4f65qaXuoA,"[{'name': 'Kelela', 'genres': ['afrofuturism', 'alternative r&b', 'escape room', 'experimental r&b'], 'popularity': 53}]"
Is U,Overmono,Calling Out,single,2023-02-22,3:48,2023-03-06T12:19:01Z,Thomas Brouwer,18,52.0,0.719,0.746,5,-5.335,0,0.0416,0.0232,0.409,0.115,0.397,131.039,4,3IiYEy4GhlsgVhgLBddJOS,"[{'name': 'Overmono', 'genres': ['future garage'], 'popularity': 52}]"
Wie Zag Het Licht,Spinvis,Wie Zag Het Licht,single,2023-03-10,4:0,2023-03-12T05:29:43Z,svdpal,14,43.0,0.711,0.291,1,-12.106,0,0.0331,0.367,0.00172,0.0933,0.586,122.051,4,4NTJa1Leq9cd5kp7k7YjaX,"[{'name': 'Spinvis', 'genres': ['dutch indie'], 'popularity': 43}]"
Not Worth It,Maria Mena,Not Worth It,single,2023-03-10,3:56,2023-03-12T05:29:47Z,svdpal,31,55.0,0.524,0.802,9,-5.9,1,0.0332,0.0124,7.49e-05,0.113,0.348,105.027,4,1rbdesqJL4phqIITSayNm4,"[{'name': 'Maria Mena', 'genres': ['candy pop', 'norwegian pop', 'norwegian singer-songwriter'], 'popularity': 55}]"
CooCool,"Róisín Murphy, DJ Koze",CooCool,single,2023-03-08,4:31,2023-03-13T20:28:04Z,hvdpal58,45,52.5,0.76,0.669,1,-7.164,0,0.0481,0.138,0.000605,0.193,0.568,118.004,4,0C8jkmcNV7VxyHemnI917F,"[{'name': 'Róisín Murphy', 'genres': ['art pop', 'electronica', 'electropop', 'neo-synthpop', 'trip hop'], 'popularity': 53}, {'name': 'DJ Koze', 'genres': ['electronica', 'future garage', 'german techno', 'hamburg electronic', 'microhouse', 'minimal techno'], 'popularity': 52}]"
Leave Me Like This,"Skrillex, Bobby Raps",Quest For Fire,album,2023-02-17,3:8,2023-03-15T04:51:58Z,Thomas Brouwer,61,60.0,0.671,0.84,1,-8.199,1,0.0581,0.00113,0.473,0.109,0.233,124.977,4,6NRvZuFXn2ixp8YdzUvG5n,"[{'name': 'Skrillex', 'genres': ['brostep', 'complextro', 'edm', 'electro', 'pop dance'], 'popularity': 74}, {'name': 'Bobby Raps', 'genres': ['cloud rap', 'emo rap', 'minnesota hip hop'], 'popularity': 46}]"
Butterflies,"Skrillex, Starrah, Four Tet",Quest For Fire,album,2023-02-17,3:15,2023-03-15T05:03:16Z,Thomas Brouwer,58,59.666666666666664,0.733,0.872,2,-5.683,0,0.132,0.0239,0.00304,0.38,0.195,128.007,4,19dObDGedr40x1UcAm15qz,"[{'name': 'Skrillex', 'genres': ['brostep', 'complextro', 'edm', 'electro', 'pop dance'], 'popularity': 74}, {'name': 'Starrah', 'genres': ['hyperpop francais'], 'popularity': 45}, {'name': 'Four Tet', 'genres': ['electronica', 'folktronica', 'indietronica', 'intelligent dance music', 'trip hop'], 'popularity': 60}]"
Be On Your Way,Daughter,Swim Back,single,2023-02-27,4:4,2023-03-17T11:33:48Z,svdpal,21,59.0,0.468,0.559,4,-10.214,0,0.029,0.145,0.0462,0.116,0.226,102.032,4,0VKIfOJqMfNPz07yl8zxC2,"[{'name': 'Daughter', 'genres': ['chamber pop', 'shimmer pop'], 'popularity': 59}]"
Prophecy,Om Unit,Prophecy,single,2023-03-10,4:47,2023-03-22T08:58:01Z,Thomas Brouwer,9,26.0,0.669,0.962,6,-5.302,0,0.0362,0.000686,0.855,0.199,0.227,139.992,4,6545LlBB4uVARTfrcUwXbJ,"[{'name': 'Om Unit', 'genres': ['bristol electronic', 'classic dubstep', 'footwork', 'future garage', 'minimal dnb', 'wonky'], 'popularity': 26}]"
I Saw You,Weval,Remember,album,2023-03-03,3:15,2023-03-24T12:49:32Z,hvdpal58,29,48.0,0.713,0.795,5,-11.015,1,0.0483,0.222,0.79,0.223,0.767,141.045,4,5rxHA6FdKf4P47LIO6xJOL,"[{'name': 'Weval', 'genres': ['electronica', 'french indietronica'], 'popularity': 48}]"
Dans nos rêves,"Ásgeir, Clou",Dans nos rêves,single,2023-03-24,3:20,2023-03-27T17:59:54Z,svdpal,19,44.5,0.364,0.681,0,-8.683,0,0.0767,0.837,0.655,0.129,0.769,196.081,4,6pFUbyblT5HbqVZ7PAkh4L,"[{'name': 'Ásgeir', 'genres': ['icelandic folk', 'icelandic indie', 'icelandic pop'], 'popularity': 49}, {'name': 'Clou', 'genres': ['czech rock', 'nouvelle chanson francaise'], 'popularity': 40}]"
Morgen Wordt Fantastisch,Acda en de Munnik,Morgen Wordt Fantastisch,single,2023-03-23,2:38,2023-03-27T18:12:05Z,svdpal,59,55.0,0.653,0.79,1,-6.947,1,0.0679,0.14,0,0.19,0.764,112.012,4,2UI9rmmINuXVWeOrprjWBy,"[{'name': 'Acda en de Munnik', 'genres': ['dutch cabaret', 'dutch pop', 'dutch rock'], 'popularity': 55}]"
Boyhood,The Japanese House,Boyhood,single,2023-03-20,3:9,2023-03-27T18:15:38Z,Thomas Brouwer,49,59.0,0.613,0.648,5,-9.057,1,0.075,0.616,1.25e-05,0.112,0.625,114.94,4,4Y273Gix47holXvTP9hGpj,"[{'name': 'The Japanese House', 'genres': ['indie pop', 'indietronica', 'modern dream pop', 'pov: indie', 'vapor soul'], 'popularity': 59}]"
Not Strong Enough,"boygenius, Julien Baker, Phoebe Bridgers, Lucy Dacus",the record,single,2023-03-01,3:54,2023-03-28T11:22:05Z,hvdpal58,1,70.5,0.502,0.8,1,-5.853,1,0.0402,0.00274,2.81e-06,0.091,0.309,127.001,4,72GNW1xKoi5BAhMYAW6e7e,"[{'name': 'boygenius', 'genres': ['indie pop'], 'popularity': 68}, {'name': 'Julien Baker', 'genres': ['ambient folk', 'indie pop', 'indie rock'], 'popularity': 68}, {'name': 'Phoebe Bridgers', 'genres': ['indie pop', 'la indie', 'pov: indie'], 'popularity': 77}, {'name': 'Lucy Dacus', 'genres': ['indie pop'], 'popularity': 69}]"
Döne Döne,"Acid Arab, Cem Yıldız",٣ (Trois),album,2023-02-03,5:46,2023-03-28T20:04:22Z,Thomas Brouwer,41,38.5,0.71,0.718,1,-6.418,1,0.0451,0.0901,0.336,0.104,0.645,101.991,4,1q09QLCWLyh4ARfr3iVfJa,"[{'name': 'Acid Arab', 'genres': ['arab electronic', 'arab groove'], 'popularity': 42}, {'name': 'Cem Yıldız', 'genres': ['turkish instrumental'], 'popularity': 35}]"
Just Like Me,Amber Arcades,Barefoot on Diamond Road,album,2023-02-10,3:52,2023-04-02T10:15:54Z,hvdpal58,7,16.0,0.464,0.573,2,-8.966,1,0.038,0.183,0.0048,0.0422,0.317,149.992,4,5gxwt9ZNgkR58oEVPbJajf,"[{'name': 'Amber Arcades', 'genres': ['chamber psych', 'dutch indie', 'dutch indie rock'], 'popularity': 16}]"
Nollestrand,De Toegift,De Toegift,album,2023-01-27,5:27,2023-04-05T11:20:22Z,Thomas Brouwer,25,18.0,0.268,0.272,3,-13.24,1,0.0328,0.636,0.631,0.376,0.0765,79.903,4,0elp81U0XAPNE72SxHdhcl,"[{'name': 'De Toegift', 'genres': [], 'popularity': 18}]"
Lost,Linkin Park,Lost,single,2023-02-10,3:19,2023-04-06T20:38:26Z,Thomas Brouwer,75,83.0,0.596,0.798,0,-4.63,1,0.0285,0.00412,0,0.338,0.459,105.01,4,373gDROnujxNTFa1FojYIl,"[{'name': 'Linkin Park', 'genres': ['alternative metal', 'nu metal', 'post-grunge', 'rap metal', 'rock'], 'popularity': 83}]"
32 Floors,Låpsley,Cautionary Tales of Youth,album,2023-01-20,3:1,2023-04-11T09:26:36Z,hvdpal58,35,49.0,0.726,0.507,10,-11.652,0,0.0577,0.249,2.59e-05,0.0753,0.321,104.991,4,4I8i1P7eUSjIxg7MTgbguY,"[{'name': 'Låpsley', 'genres': ['electropop', 'gauze pop'], 'popularity': 49}]"
1989,dEUS,How To Replace It,album,2023-02-17,5:4,2023-04-13T08:58:11Z,Thomas Brouwer,41,41.0,0.55,0.64,0,-7.967,0,0.0307,0.00593,0.000745,0.169,0.396,101.986,4,2qnHyMwzL7Zoz4Kz2ohoBd,"[{'name': 'dEUS', 'genres': ['belgian indie', 'belgian indie rock', 'belgian rock'], 'popularity': 41}]"
Ala Day,"Typhoon, Freez",Twintig,single,2023-04-06,3:11,2023-04-13T10:53:32Z,Joline Charlotte,35,38.0,0.624,0.589,1,-7.069,1,0.341,0.132,0.000299,0.85,0.721,201.799,4,0dBxxEhGVMH5EM9sjz3zxY,"[{'name': 'Typhoon', 'genres': ['dutch hip hop', 'dutch indie', 'dutch pop'], 'popularity': 45}, {'name': 'Freez', 'genres': [], 'popularity': 31}]"
Search & Rescue,Drake,Search & Rescue,single,2023-04-07,4:32,2023-04-13T10:53:41Z,Joline Charlotte,83,95.0,0.817,0.44,10,-8.482,0,0.0734,0.0603,1.42e-06,0.33,0.544,142.024,4,7aRCf5cLOFN1U7kvtChY1G,"[{'name': 'Drake', 'genres': ['canadian hip hop', 'canadian pop', 'hip hop', 'pop rap', 'rap'], 'popularity': 95}]"
Running From,Krezip,Any Day Now,album,2023-04-07,3:30,2023-04-13T10:53:55Z,Joline Charlotte,34,48.0,0.484,0.767,5,-7.538,1,0.036,0.0124,0,0.106,0.681,154.871,4,5catELDuNmRvDLm1e6CUx6,"[{'name': 'Krezip', 'genres': ['dutch pop', 'dutch rock'], 'popularity': 48}]"
Yard Sale,"Ben Harper, Jack Johnson",Yard Sale,single,2023-04-05,4:17,2023-04-13T10:54:23Z,Joline Charlotte,48,65.5,0.409,0.195,7,-15.795,1,0.0377,0.808,0.00013,0.12,0.367,203.84,4,4sH3OxT6GqGsihPcO3wmhw,"[{'name': 'Ben Harper', 'genres': ['neo mellow', 'pastoral'], 'popularity': 58}, {'name': 'Jack Johnson', 'genres': ['neo mellow'], 'popularity': 73}]"
Everybody Needs Someone (feat. Vance Joy),"Noah Cyrus, Vance Joy",Everybody Needs Someone (feat. Vance Joy),single,2023-04-07,2:58,2023-04-13T10:54:32Z,Joline Charlotte,60,71.0,0.489,0.607,2,-7.146,1,0.0417,0.569,6.55e-05,0.119,0.285,104.186,4,2TZKvEQyTtcXLBfAk7kt8n,"[{'name': 'Noah Cyrus', 'genres': ['alt z', 'pop'], 'popularity': 69}, {'name': 'Vance Joy', 'genres': ['folk-pop', 'modern rock'], 'popularity': 73}]"
Rommel,Goldband,Rommel,single,2023-04-13,3:15,2023-04-14T06:16:53Z,Joline Charlotte,58,56.0,0.712,0.736,11,-9.162,0,0.0576,0.0495,0.00113,0.0827,0.605,159.993,4,0pw06mcIzuAeLPOHZT7W4Z,"[{'name': 'Goldband', 'genres': ['lustrum', 'piratenmuziek'], 'popularity': 56}]"
needy as hell,philine,so sick of myself,single,2023-04-14,3:0,2023-04-14T06:49:16Z,Joline Charlotte,24,27.0,0.733,0.711,11,-7.408,0,0.0347,0.125,0,0.102,0.782,120.984,4,3KJsx5RdkZEgrnLEajSDQI,"[{'name': 'philine', 'genres': [], 'popularity': 27}]"
There You Go,"Tsepo, Ineffekt",Something Bubbly / There You Go,single,2023-04-14,4:9,2023-04-15T08:20:23Z,Thomas Brouwer,8,11.5,0.776,0.826,0,-6.622,1,0.053,0.000604,0.838,0.0847,0.256,132.006,4,6xYw501Le1PrPsw0tdDyTq,"[{'name': 'Tsepo', 'genres': [], 'popularity': 7}, {'name': 'Ineffekt', 'genres': [], 'popularity': 16}]"
Les dormantes,Zaho de Sagazan,La symphonie des éclairs,album,2023-03-31,3:17,2023-04-16T16:09:29Z,Thomas Brouwer,43,50.0,0.738,0.468,5,-9.172,0,0.0706,0.41,3.26e-05,0.0979,0.393,109.726,4,1OJNE7ER48x17Nj2zyI6VY,"[{'name': 'Zaho de Sagazan', 'genres': ['french pop', 'nouvelle chanson francaise'], 'popularity': 50}]"
Evelyn,Bear's Den,Evelyn,single,2023-04-12,3:21,2023-04-18T12:42:44Z,svdpal,34,54.0,0.676,0.552,2,-8.336,1,0.0257,0.338,0.0313,0.0787,0.384,123.898,4,0C0YCeV0rYv315z8twysDt,"[{'name': ""Bear's Den"", 'genres': ['folk-pop', 'stomp and flutter', 'uk americana'], 'popularity': 54}]"
Cicada,Temples,Exotico,album,2023-04-14,4:23,2023-04-18T19:23:08Z,hvdpal58,31,42.0,0.448,0.911,10,-4.703,1,0.0554,0.000122,0.0161,0.399,0.381,136.914,4,1C5fyn3A3WbmsdBaj5OhZu,"[{'name': 'Temples', 'genres': ['garage rock', 'neo-psychedelic'], 'popularity': 42}]"
Blijf Weg,WIES,Blijf Weg,single,2023-04-20,2:58,2023-04-21T06:23:09Z,Joline Charlotte,25,37.0,0.608,0.745,11,-6.183,1,0.0324,0.0317,0.00136,0.547,0.539,120.97,4,4R6NnKwNseYYWtBXaMW6WX,"[{'name': 'WIES', 'genres': ['dutch indie', 'dutch pop'], 'popularity': 37}]"
Big Gyal,"Ella John, Beckie, Eurosoundz",Big Gyal,single,2023-04-14,2:45,2023-04-22T16:17:20Z,Thomas Brouwer,11,22.0,0.786,0.689,2,-7.173,1,0.312,0.0805,7.25e-05,0.268,0.764,72.947,4,0kTrGbKCFZVe0Yz0kRFR1E,"[{'name': 'Ella John', 'genres': ['dutch hip hop'], 'popularity': 17}, {'name': 'Beckie', 'genres': [], 'popularity': 12}, {'name': 'Eurosoundz', 'genres': [], 'popularity': 37}]"
Your Mind Is Not Your Friend (feat. Phoebe Bridgers),"The National, Phoebe Bridgers",Your Mind Is Not Your Friend (feat. Phoebe Bridgers),single,2023-04-12,4:24,2023-04-22T16:21:54Z,Thomas Brouwer,47,71.5,0.204,0.452,0,-9.784,1,0.0355,0.867,0.0934,0.111,0.362,77.708,4,7wOIdJkbhLcmA0vniQiVVJ,"[{'name': 'The National', 'genres': ['chamber pop', 'indie folk', 'indie rock', 'indietronica', 'modern rock'], 'popularity': 66}, {'name': 'Phoebe Bridgers', 'genres': ['indie pop', 'la indie', 'pov: indie'], 'popularity': 77}]"
Alone,Partiboi69,Ride Hard,single,2023-04-14,5:20,2023-04-25T09:50:23Z,Thomas Brouwer,17,39.0,0.526,0.918,0,-6.783,0,0.0375,0.000233,0.652,0.0934,0.728,135.008,4,2cEDJ1UjPq7S71358QO02A,"[{'name': 'Partiboi69', 'genres': ['australian house', 'ghettotech'], 'popularity': 39}]"
True love (feat. 070 Shake),"Christine and the Queens, 070 Shake",True love (feat. 070 Shake),single,2023-04-17,5:47,2023-04-25T09:52:46Z,Thomas Brouwer,43,62.5,0.669,0.466,7,-9.492,1,0.0319,0.128,0.0531,0.255,0.0804,97.996,4,6PdUV3DjQAT4Hk9Hz7UNZ5,"[{'name': 'Christine and the Queens', 'genres': ['art pop', 'electro-pop francais', 'metropopolis', 'shimmer pop'], 'popularity': 55}, {'name': '070 Shake', 'genres': ['new jersey rap'], 'popularity': 70}]"
Icarus,Spinvis,Be-Bop-A-Lula,album,2023-04-07,4:33,2023-05-02T10:18:20Z,hvdpal58,35,43.0,0.627,0.413,9,-14.142,1,0.0381,0.87,0.188,0.853,0.344,120.033,4,1snZ8RWu66tuwozA8NcCxz,"[{'name': 'Spinvis', 'genres': ['dutch indie'], 'popularity': 43}]"
TRUSTFALL,P!nk,TRUSTFALL,single,2023-01-27,3:57,2023-05-02T10:32:11Z,hvdpal58,77,79.0,0.636,0.888,8,-3.889,1,0.0945,0.00162,0.000216,0.147,0.25,122.032,4,4FWbsd91QSvgr1dSWwW51e,"[{'name': 'P!nk', 'genres': ['dance pop', 'pop'], 'popularity': 79}]"
New Gold (feat. Tame Impala and Bootie Brown) - Dom Dolla Remix,"Gorillaz, Tame Impala, Dom Dolla, Bootie Brown",Cracker Island (Deluxe),album,2023-02-27,4:34,2023-05-03T11:41:29Z,Thomas Brouwer,62,69.25,0.716,0.897,4,-7.185,0,0.0629,0.012,0.262,0.325,0.358,127.03,4,49ozuucNvoHNstYChqEzPU,"[{'name': 'Gorillaz', 'genres': ['alternative hip hop', 'modern rock', 'rock'], 'popularity': 76}, {'name': 'Tame Impala', 'genres': ['australian psych', 'modern rock', 'neo-psychedelic', 'rock'], 'popularity': 77}, {'name': 'Dom Dolla', 'genres': ['australian house', 'deep groove house', 'house'], 'popularity': 66}, {'name': 'Bootie Brown', 'genres': [], 'popularity': 58}]"
Seasons,"Bebe Rexha, Dolly Parton",Bebe,album,2023-04-27,3:23,2023-05-03T15:36:15Z,Joline Charlotte,56,75.0,0.638,0.411,4,-8.046,0,0.0283,0.475,0.000167,0.101,0.512,93.969,4,3HCPcK7bCPAczLUfRmZEUn,"[{'name': 'Bebe Rexha', 'genres': ['dance pop', 'pop'], 'popularity': 78}, {'name': 'Dolly Parton', 'genres': ['classic country pop', 'country', 'country dawn'], 'popularity': 72}]"
A Little Something,Nothing But Funk,A Little Something,single,2023-04-28,2:37,2023-05-04T14:52:17Z,Joline Charlotte,17,23.0,0.802,0.843,9,-6.241,0,0.0455,0.012,0.911,0.0775,0.85,123.983,4,72l9Gr8CmCYcGNnm9kp985,"[{'name': 'Nothing But Funk', 'genres': [], 'popularity': 23}]"
"Is Dit Nu Het Einde (Soundtrack van ""Fijn Weekend"")",LISA,"Is Dit Nu Het Einde (Soundtrack van ""Fijn Weekend"")",single,2023-01-16,3:38,2023-05-04T20:29:10Z,svdpal,24,6.0,0.479,0.271,8,-12.169,1,0.0557,0.8,1.37e-06,0.117,0.13,77.166,4,5Ca7SPKCBUoBW6n64HPeZs,"[{'name': 'LISA', 'genres': [], 'popularity': 6}]"
Open Window,Warhaus,Ha Ha Heartbreak,album,2022-11-11,5:36,2023-05-06T22:11:49Z,Thomas Brouwer,48,47.0,0.512,0.538,6,-8.302,1,0.0269,0.0513,0.774,0.122,0.516,156.048,4,0qNitsQuB19Bkj3Qrfa0pC,"[{'name': 'Warhaus', 'genres': ['belgian indie', 'belgian rock'], 'popularity': 47}]"
Blissda,DJ Koze,Blissda,single,2023-03-03,5:43,2023-05-10T14:03:12Z,Thomas Brouwer,37,52.0,0.786,0.633,8,-11.509,1,0.0389,0.00561,0.899,0.0845,0.186,116.984,4,5trIxTDiFfTeqnRiRjW0A8,"[{'name': 'DJ Koze', 'genres': ['electronica', 'future garage', 'german techno', 'hamburg electronic', 'microhouse', 'minimal techno'], 'popularity': 52}]"
2STEP,"Rens, Jaïr & Ome Uncle",RJO 3,album,2023-05-02,2:54,2023-05-09T15:56:38Z,Thomas Brouwer,7,9.0,0.737,0.602,0,-9.937,1,0.197,0.00715,5.36e-05,0.0972,0.758,134.653,4,2gjUFFdxjGlKxaOdAa7FPU,"[{'name': 'Rens, Jaïr & Ome Uncle', 'genres': [], 'popularity': 9}]"
Ze Is Pas Net Begonnen (Leerstage / Werkstage),De Jeugd Van Tegenwoordig,Ze Is Pas Net Begonnen (Leerstage / Werkstage),single,2023-05-05,4:11,2023-05-10T06:29:30Z,Thomas Brouwer,32,50.0,0.783,0.796,9,-6.474,0,0.0581,0.117,0.00115,0.145,0.65,140.076,4,3oZYSdQ1tCqi8uoRqGAext,"[{'name': 'De Jeugd Van Tegenwoordig', 'genres': ['dutch hip hop', 'dutch pop', 'dutch rock'], 'popularity': 50}]"
Layla,Claude,Layla,single,2023-03-30,2:43,2023-05-10T06:30:30Z,Thomas Brouwer,64,54.0,0.763,0.754,7,-7.006,1,0.0586,0.332,5.58e-05,0.0946,0.368,104.977,4,18tV3JqwwB5Acsa8vP12lp,"[{'name': 'Claude', 'genres': [], 'popularity': 54}]"
Every Fucking Time,Claud,Every Fucking Time,single,2023-05-02,2:47,2023-05-10T06:30:57Z,Thomas Brouwer,1,47.0,0.46,0.472,6,-7.723,1,0.0291,0.106,0.000511,0.277,0.329,84.668,4,3pcl1nwM7BkNaNcsojvPCz,"[{'name': 'Claud', 'genres': ['bedroom pop', 'indie pop'], 'popularity': 47}]"
The Score,Grian Chatten,Fairlies,single,2023-05-04,2:41,2023-05-10T06:32:03Z,Thomas Brouwer,20,42.0,0.352,0.433,11,-11.65,0,0.0404,0.599,0.00418,0.113,0.192,171.49,4,0ceol90K2zijSq0egG5yAV,"[{'name': 'Grian Chatten', 'genres': ['crank wave'], 'popularity': 42}]"
No More Lies,"Thundercat, Tame Impala",No More Lies,single,2023-04-25,5:27,2023-05-10T19:41:17Z,hvdpal58,68,73.0,0.602,0.835,10,-4.573,0,0.0413,0.0921,6.43e-05,0.138,0.496,97.992,4,62tGzw9OJOwDcjPBnMPCuj,"[{'name': 'Thundercat', 'genres': ['afrofuturism', 'indie soul'], 'popularity': 69}, {'name': 'Tame Impala', 'genres': ['australian psych', 'modern rock', 'neo-psychedelic', 'rock'], 'popularity': 77}]"
Naar Het Licht,Froukje,Naar Het Licht,single,2023-05-12,3:16,2023-05-14T13:22:36Z,Joline Charlotte,50,51.0,0.697,0.793,2,-5.384,0,0.0502,0.0908,0.0257,0.0936,0.191,120.069,4,0o2NJQQmW2c1R6ZNpPdoan,"[{'name': 'Froukje', 'genres': ['dutch indie', 'dutch pop', 'lustrum'], 'popularity': 51}]"
Tears can be so soft,Christine and the Queens,Tears can be so soft,single,2023-05-09,5:11,2023-05-14T20:00:00Z,Joline Charlotte,37,55.0,0.499,0.483,6,-8.215,1,0.0321,0.0105,0.272,0.374,0.0558,146.974,4,47UhZ9fjTEIOjOe4gktZN9,"[{'name': 'Christine and the Queens', 'genres': ['art pop', 'electro-pop francais', 'metropopolis', 'shimmer pop'], 'popularity': 55}]"
Strings of Eden,Alex Kassian,Strings of Eden,single,2023-05-05,8:37,2023-05-15T12:53:46Z,Thomas Brouwer,35,25.0,0.715,0.599,9,-11.365,0,0.036,0.711,0.916,0.0507,0.918,119.983,4,2nFGIC472JfEAskv3z8iBs,"[{'name': 'Alex Kassian', 'genres': [], 'popularity': 25}]"
Everyone's Moving Out East,Half Moon Run,Everyone's Moving Out East,single,2023-05-18,4:12,2023-05-19T06:23:01Z,svdpal,24,54.0,0.453,0.525,4,-10.025,1,0.0309,0.0408,0.0542,0.143,0.202,91.999,4,60dqxfmPMO7eTq02vTBOFm,"[{'name': 'Half Moon Run', 'genres': ['canadian indie', 'indie folk', 'quebec indie'], 'popularity': 54}]"
Walking Backwards,Ben Howard,Walking Backwards,single,2023-05-19,5:19,2023-05-19T06:32:57Z,svdpal,37,63.0,0.662,0.816,8,-8.933,1,0.039,0.0782,0.652,0.178,0.343,111.607,4,4Q1FWaLV4jIJJvdtihAwvI,"[{'name': 'Ben Howard', 'genres': ['british singer-songwriter', 'folk-pop', 'indie folk'], 'popularity': 63}]"
Say Yes To Heaven,Lana Del Rey,Say Yes To Heaven,single,2023-05-19,3:29,2023-05-22T06:41:08Z,Joline Charlotte,89,89.0,0.49,0.352,6,-11.577,0,0.0254,0.709,0.0856,0.114,0.166,99.992,4,6GGtHZgBycCgGBUhZo81xe,"[{'name': 'Lana Del Rey', 'genres': ['art pop', 'pop'], 'popularity': 89}]"
Enough,"Fred again.., Brian Eno",Secret Life,album,2023-05-05,5:22,2023-05-25T07:17:24Z,hvdpal58,56,67.0,0.15,0.208,10,-16.901,1,0.0409,0.936,0.755,0.218,0.0759,85.706,4,2qMLbeUM1IunPifKpvzqDx,"[{'name': 'Fred again..', 'genres': ['edm', 'house', 'stutter house'], 'popularity': 75}, {'name': 'Brian Eno', 'genres': ['abstract', 'ambient', 'art pop', 'art rock', 'compositional ambient', 'experimental', 'experimental ambient', 'fourth world', 'glam rock', 'minimalism', 'singer-songwriter'], 'popularity': 59}]"
oxalá,MARO,hortelã,album,2023-04-07,4:30,2023-05-25T12:05:33Z,svdpal,43,51.0,0.462,0.203,9,-13.764,1,0.0309,0.888,0,0.0948,0.302,148.578,1,7mAJkfcgzu9NWSxZzgc94e,"[{'name': 'MARO', 'genres': ['musica portuguesa contemporanea'], 'popularity': 51}]"
Dance The Night - From Barbie The Album,Dua Lipa,Dance The Night (From Barbie The Album),single,2023-05-25,2:56,2023-05-26T07:14:03Z,Joline Charlotte,93,85.0,0.671,0.845,11,-4.93,0,0.048,0.0207,0,0.329,0.775,110.056,4,1vYXt7VSjH9JIM5oRRo7vA,"[{'name': 'Dua Lipa', 'genres': ['dance pop', 'pop', 'uk pop'], 'popularity': 85}]"
Astrology Poisoning,Avalon Emerson,& the Charm,album,2023-04-28,3:39,2023-05-31T12:18:37Z,Thomas Brouwer,48,35.0,0.664,0.746,5,-6.999,1,0.0316,0.281,0.0589,0.0457,0.776,93.0,4,2vYd15dPYelxBESvyviVbf,"[{'name': 'Avalon Emerson', 'genres': ['electra', 'float house'], 'popularity': 35}]"
De Vergiffenis,Sophie Straat,Smartlap Is Niet Dood,album,2023-03-03,2:54,2023-05-31T15:34:40Z,Joline Charlotte,37,35.0,0.473,0.318,3,-10.808,0,0.0293,0.561,0.0057,0.0924,0.199,157.608,3,112BxBbiiPs82A4B99v18s,"[{'name': 'Sophie Straat', 'genres': ['dutch indie'], 'popularity': 35}]"
Souvenir,MICH,Souvenir,single,2023-05-26,2:14,2023-05-31T16:03:09Z,Thomas Brouwer,24,23.0,0.582,0.86,9,-8.751,1,0.0313,0.00655,0.764,0.178,0.974,152.003,4,7pspgy2N9LdN9QuDVNd1Dk,"[{'name': 'MICH', 'genres': ['dutch indie'], 'popularity': 23}]"
AMERICA HAS A PROBLEM (feat. Kendrick Lamar),"Beyoncé, Kendrick Lamar",AMERICA HAS A PROBLEM (feat. Kendrick Lamar),single,2023-05-19,4:20,2023-05-31T16:03:21Z,Thomas Brouwer,55,84.5,0.788,0.694,1,-5.308,1,0.0372,0.011,1.48e-05,0.142,0.229,126.042,4,5xlLG6RthtyXShVhGA3ojN,"[{'name': 'Beyoncé', 'genres': ['pop', 'r&b'], 'popularity': 83}, {'name': 'Kendrick Lamar', 'genres': ['conscious hip hop', 'hip hop', 'rap', 'west coast rap'], 'popularity': 86}]"
Line of Fire (feat. Sharon Van Etten),"Junip, Sharon Van Etten, José González, Tobias Winterkorn, Elias Araya",Line of Fire (feat. Sharon Van Etten),single,2023-05-26,5:38,2023-06-01T13:01:18Z,svdpal,37,39.4,0.506,0.677,7,-9.513,1,0.0421,0.614,0.0699,0.112,0.283,90.317,4,4nqti80wYRASe6E51D7TSD,"[{'name': 'Junip', 'genres': ['chamber pop', 'swedish indie rock'], 'popularity': 45}, {'name': 'Sharon Van Etten', 'genres': ['art pop', 'chamber pop', 'indie rock', 'melancholia', 'new jersey indie', 'singer-songwriter'], 'popularity': 53}, {'name': 'José González', 'genres': ['chamber pop', 'gothenburg indie', 'indie folk', 'stomp and holler', 'swedish indie folk', 'swedish indie pop', 'swedish singer-songwriter'], 'popularity': 63}, {'name': 'Tobias Winterkorn', 'genres': [], 'popularity': 18}, {'name': 'Elias Araya', 'genres': [], 'popularity': 18}]"
Late To You,Keaton Henson,Late To You,single,2023-05-24,5:17,2023-06-01T13:08:20Z,svdpal,22,45.0,0.208,0.081,3,-17.449,1,0.0362,0.876,0.000632,0.11,0.0949,85.709,4,09eg0jkbefhREXXOGxLOoD,"[{'name': 'Keaton Henson', 'genres': ['ambient folk', 'british singer-songwriter', 'indie folk'], 'popularity': 45}]"
Nothing Matters,The Last Dinner Party,Nothing Matters,single,2023-04-19,3:1,2023-06-05T11:49:30Z,Thomas Brouwer,70,52.0,0.587,0.798,2,-5.109,1,0.037,0.0329,0.000134,0.184,0.6,101.161,4,3p84R45PM75ngq8XRoe45o,"[{'name': 'The Last Dinner Party', 'genres': [], 'popularity': 52}]"
Te Laat,Elias Mazian,Alleen Bij Mij,album,2023-06-02,4:59,2023-06-05T06:44:28Z,Thomas Brouwer,0,28.0,0.638,0.604,0,-12.518,0,0.0381,0.44,0.674,0.0904,0.944,75.011,4,7fimpnjdT2qMtKH31YRtuw,"[{'name': 'Elias Mazian', 'genres': ['lo-fi house'], 'popularity': 28}]"
Alleen Bij Mij,Elias Mazian,Alleen Bij Mij,album,2023-06-02,3:9,2023-06-05T07:22:17Z,Thomas Brouwer,0,28.0,0.724,0.355,4,-13.28,1,0.0359,0.669,0.135,0.0994,0.624,93.996,4,4fmXF8FdCyAbqW9tkByAMo,"[{'name': 'Elias Mazian', 'genres': ['lo-fi house'], 'popularity': 28}]"
Nothing At All,Foo Fighters,But Here We Are,album,2023-06-02,3:27,2023-06-05T16:04:25Z,hvdpal58,59,76.0,0.366,0.897,0,-4.604,1,0.053,5.41e-05,0.000291,0.145,0.827,132.123,4,0csL34JYEsHmFBAZ1fgf8G,"[{'name': 'Foo Fighters', 'genres': ['alternative metal', 'alternative rock', 'modern rock', 'permanent wave', 'post-grunge', 'rock'], 'popularity': 76}]"
De Duck,Prins S. en De Geit,De Duck,single,2023-05-26,2:45,2023-06-06T08:45:40Z,hvdpal58,36,30.0,0.956,0.918,2,-3.594,1,0.264,0.0695,7.49e-06,0.296,0.843,130.021,4,50q1ispDkcwqPP2aLJpyiL,"[{'name': 'Prins S. en De Geit', 'genres': [], 'popularity': 30}]"
Is This Love?,"Pip Blom, Alex Kapranos",Is This Love?,single,2023-05-31,3:32,2023-06-06T08:56:16Z,Thomas Brouwer,34,34.0,0.683,0.669,5,-3.593,1,0.0405,0.22,0.00385,0.0568,0.596,105.979,4,2qniUr523yjUKD8EJRe7LP,"[{'name': 'Pip Blom', 'genres': ['crank wave', 'dutch indie', 'dutch indie rock', 'english indie rock'], 'popularity': 39}, {'name': 'Alex Kapranos', 'genres': ['scottish indie rock'], 'popularity': 29}]"
If You Were Mine,"Miranda Lambert, Leon Bridges",If You Were Mine,single,2023-06-06,3:39,2023-06-06T14:54:01Z,Joline Charlotte,54,67.5,0.454,0.509,11,-8.491,1,0.03,0.521,2.01e-06,0.112,0.447,73.892,4,1GL0nollq8IdnV4tfYtEZT,"[{'name': 'Miranda Lambert', 'genres': ['contemporary country', 'country', 'country dawn', 'country road'], 'popularity': 66}, {'name': 'Leon Bridges', 'genres': ['modern blues', 'neo soul', 'soul'], 'popularity': 69}]"
No Romance,"Full Crate, Niyah Delenn",A Kid From Yerevan,album,2023-06-02,3:30,2023-06-08T06:44:22Z,Joline Charlotte,34,30.5,0.568,0.495,5,-10.296,0,0.0688,0.404,0.000663,0.0841,0.53,77.964,4,2JdSdfaE8VnycNzOU8Ec6y,"[{'name': 'Full Crate', 'genres': ['armenian hip hop', 'dutch r&b', 'indie r&b'], 'popularity': 48}, {'name': 'Niyah Delenn', 'genres': [], 'popularity': 13}]"
Big Tear,Pitou,Big Tear,album,2023-03-24,3:51,2023-06-13T07:34:34Z,Thomas Brouwer,28,23.0,0.404,0.526,4,-7.442,1,0.0403,0.727,0.00911,0.278,0.248,90.108,4,4IvOPTIQT2vXe2TZF6cuDS,"[{'name': 'Pitou', 'genres': ['dutch singer-songwriter'], 'popularity': 23}]"
Zin In De Zomer Man,"Bizzey, Kraantje Pappie, Rolf Sanchez",Zin In De Zomer Man,single,2023-05-04,2:15,2023-06-14T18:02:41Z,svdpal,52,53.0,0.663,0.795,0,-7.695,1,0.0411,0.0246,2.98e-06,0.0559,0.96,107.949,4,1ThDzyepNdDRIYhU295DNd,"[{'name': 'Bizzey', 'genres': ['dutch hip hop', 'dutch rap pop'], 'popularity': 55}, {'name': 'Kraantje Pappie', 'genres': ['dutch hip hop'], 'popularity': 56}, {'name': 'Rolf Sanchez', 'genres': ['dutch pop'], 'popularity': 48}]"
Three Drums,Four Tet,Three Drums,single,2023-04-26,8:15,2023-06-16T08:17:20Z,Thomas Brouwer,49,60.0,0.169,0.44,0,-10.385,1,0.0277,0.149,0.169,0.126,0.113,95.896,4,2FRIWWs5xxPoQrk5pMmsQN,"[{'name': 'Four Tet', 'genres': ['electronica', 'folktronica', 'indietronica', 'intelligent dance music', 'trip hop'], 'popularity': 60}]"
Couldn’t Make It Up,Ben Howard,Is It?,album,2023-06-16,3:55,2023-06-19T13:49:14Z,Joline Charlotte,50,63.0,0.646,0.761,11,-7.349,0,0.0376,0.145,0.0344,0.0908,0.632,89.964,4,4tzcqWOSnJhmiE0NbY6K8I,"[{'name': 'Ben Howard', 'genres': ['british singer-songwriter', 'folk-pop', 'indie folk'], 'popularity': 63}]"
Obsessed (Demo),LAUREL,Obsessed (Demo),single,2022-09-06,2:25,2023-06-19T16:04:25Z,svdpal,33,48.0,0.795,0.641,3,-5.972,0,0.0427,0.516,0.676,0.221,0.617,119.947,4,4YgCYmJV3Qb5mzSc5BPjwI,"[{'name': 'LAUREL', 'genres': ['vapor pop'], 'popularity': 48}]"
Sliver of Ice,"ANOHNI, Antony and the Johnsons",Sliver of Ice,single,2023-06-13,3:41,2023-06-22T06:49:19Z,Thomas Brouwer,25,46.5,0.361,0.145,1,-15.759,1,0.0418,0.94,0.000259,0.111,0.0766,150.968,4,1n5SYXmd3OPE1nlHfoKE47,"[{'name': 'ANOHNI', 'genres': ['art pop', 'chamber psych', 'experimental pop', 'metropopolis', 'transpop'], 'popularity': 47}, {'name': 'Antony and the Johnsons', 'genres': ['baroque pop', 'chamber pop', 'melancholia'], 'popularity': 46}]"
Family (with Suzanna Son),"The Weeknd, Suzanna Son",The Idol Episode 2 (Music from the HBO Original Series),single,2023-06-12,3:3,2023-06-22T07:14:01Z,Joline Charlotte,58,72.0,0.406,0.348,9,-7.086,0,0.0285,0.863,0.000302,0.12,0.105,139.209,3,1CatlSR0Kh0hsvGF2Z8l3s,"[{'name': 'The Weeknd', 'genres': ['canadian contemporary r&b', 'canadian pop', 'pop'], 'popularity': 93}, {'name': 'Suzanna Son', 'genres': [], 'popularity': 51}]"
People (feat. Cian Ducrot),"Libianca, Cian Ducrot",People (Remixes),single,2023-03-31,3:4,2023-06-22T18:17:04Z,Thomas Brouwer,66,65.0,0.601,0.398,10,-8.755,0,0.0463,0.584,0,0.107,0.707,197.88,4,0SCOKZU2gpsrvLa4T1VStt,"[{'name': 'Libianca', 'genres': ['afrobeats'], 'popularity': 67}, {'name': 'Cian Ducrot', 'genres': ['irish pop', 'singer-songwriter pop'], 'popularity': 63}]"
Relax My Eyes,"ANOTR, Abel Balder",Relax My Eyes,single,2022-11-04,3:12,2023-06-22T18:41:43Z,Thomas Brouwer,78,56.5,0.747,0.616,3,-9.76,0,0.0324,0.176,0.116,0.143,0.908,131.975,4,5u4hhtZ7f4rWkMZEZcTKrH,"[{'name': 'ANOTR', 'genres': ['dutch tech house'], 'popularity': 57}, {'name': 'Abel Balder', 'genres': [], 'popularity': 56}]"
Burn Dem Bridges,Skin On Skin,Burn Dem Bridges,single,2022-08-12,2:55,2023-06-25T09:15:46Z,Thomas Brouwer,61,44.0,0.713,0.837,11,-5.96,0,0.0368,0.0283,0,0.0722,0.351,137.979,4,5r2620VyMS4JpB9UhmYjpG,"[{'name': 'Skin On Skin', 'genres': ['australian techno'], 'popularity': 44}]"
kisses,Slowdive,kisses,single,2023-06-20,3:57,2023-06-27T10:20:42Z,hvdpal58,29,61.0,0.57,0.804,11,-7.032,0,0.0329,0.0195,0.724,0.0587,0.471,128.031,4,2qUNrUbCYoUE6MsOR3tTD1,"[{'name': 'Slowdive', 'genres': ['alternative rock', 'dream pop', 'reading indie', 'shoegaze'], 'popularity': 61}]"
Simone,Bilal Wahib,Simone,single,2023-06-22,2:30,2023-06-28T13:06:10Z,Joline Charlotte,49,53.0,0.882,0.539,5,-6.875,0,0.0624,0.0874,1.1e-06,0.073,0.606,103.903,4,233KjtSp13hed57BJgRjul,"[{'name': 'Bilal Wahib', 'genres': ['lustrum'], 'popularity': 53}]"
Make My Day (with David Guetta),"Coi Leray, David Guetta",COI,album,2023-06-23,2:15,2023-06-29T08:59:44Z,Joline Charlotte,57,78.5,0.799,0.688,10,-7.153,0,0.251,0.059,0,0.0966,0.567,109.732,4,4f0i8ligJspqXf8qeAV1sS,"[{'name': 'Coi Leray', 'genres': ['new jersey underground rap', 'trap queen'], 'popularity': 72}, {'name': 'David Guetta', 'genres': ['big room', 'dance pop', 'edm', 'pop', 'pop dance'], 'popularity': 85}]"
Like It Always Was,Danny Vera,Like It Always Was,single,2023-06-21,3:20,2023-06-29T08:59:49Z,Joline Charlotte,51,51.0,0.372,0.157,0,-14.929,1,0.0338,0.942,0.00041,0.12,0.315,179.621,4,5aniJiKNuKy75LfedJ5dTt,"[{'name': 'Danny Vera', 'genres': ['dutch americana', 'dutch pop', 'dutch rock', 'dutch singer-songwriter'], 'popularity': 51}]"
I've Been In Love,"Jungle, Channel Tres",I've Been In Love,single,2023-06-20,2:49,2023-06-29T09:00:29Z,Joline Charlotte,34,65.5,0.679,0.506,9,-9.497,0,0.0671,0.421,0.00216,0.434,0.588,114.967,4,0lvOUYM0NzbzOI856TUHMM,"[{'name': 'Jungle', 'genres': ['indie soul', 'indietronica', 'uk contemporary r&b'], 'popularity': 71}, {'name': 'Channel Tres', 'genres': ['indie soul', 'la pop'], 'popularity': 60}]"
Spirit 2.0,Sampha,Spirit 2.0,single,2023-06-28,4:49,2023-07-01T11:00:32Z,svdpal,53,64.0,0.741,0.491,5,-11.416,1,0.0512,0.606,0.283,0.141,0.503,150.553,4,3JKRuo3KhL39T6XWAXPohj,"[{'name': 'Sampha', 'genres': ['alternative r&b', 'indie soul'], 'popularity': 64}]"
STRUT,EMELINE,STRUT,single,2022-08-19,1:57,2023-07-01T14:16:51Z,svdpal,68,57.0,0.842,0.715,11,-5.906,0,0.0696,0.0419,2.58e-05,0.112,0.326,107.952,3,749rod7GCmj0OVdumGfzVq,"[{'name': 'EMELINE', 'genres': ['alt z'], 'popularity': 57}]"
VOLVER,"Tainy, Skrillex, Four Tet, Rauw Alejandro",DATA,album,2023-06-29,3:5,2023-07-12T05:54:36Z,Thomas Brouwer,73,74.25,0.745,0.887,11,-2.75,0,0.0437,0.0306,0.00224,0.245,0.722,155.041,4,1ncGbGufa7aUaJ5zC4YP3y,"[{'name': 'Tainy', 'genres': ['pop reggaeton', 'reggaeton', 'trap latino', 'urbano latino'], 'popularity': 77}, {'name': 'Skrillex', 'genres': ['brostep', 'complextro', 'edm', 'electro', 'pop dance'], 'popularity': 74}, {'name': 'Four Tet', 'genres': ['electronica', 'folktronica', 'indietronica', 'intelligent dance music', 'trip hop'], 'popularity': 60}, {'name': 'Rauw Alejandro', 'genres': ['puerto rican pop', 'reggaeton', 'trap latino', 'urbano latino'], 'popularity': 86}]"
In De Steek,Jungle by Night,In De Steek,single,2023-01-19,5:37,2023-07-13T11:20:54Z,Thomas Brouwer,22,33.0,0.782,0.59,0,-11.111,1,0.0349,0.565,0.882,0.0828,0.824,122.933,4,2Vzw8VffzQOvtYpFJWUrkU,"[{'name': 'Jungle by Night', 'genres': ['dutch indie'], 'popularity': 33}]"
Fine Day Anthem,"Skrillex, Boys Noize, Opus III",Fine Day Anthem,single,2023-07-07,3:13,2023-07-13T06:16:49Z,Thomas Brouwer,74,60.333333333333336,0.745,0.85,6,-3.903,0,0.075,0.000285,0.0392,0.118,0.54,138.03,4,6tifCCTIVBLC2TmTquYG7G,"[{'name': 'Skrillex', 'genres': ['brostep', 'complextro', 'edm', 'electro', 'pop dance'], 'popularity': 74}, {'name': 'Boys Noize', 'genres': ['alternative dance', 'dance-punk', 'electro house', 'fidget house', 'filter house', 'german dance', 'german techno', 'new rave'], 'popularity': 55}, {'name': 'Opus III', 'genres': ['ambient house', 'dream trance', 'hardcore techno', 'hip house'], 'popularity': 52}]"
How You Samba,"Kris Kross Amsterdam, Sofía Reyes, Tinie Tempah",How You Samba,single,2023-05-12,2:31,2023-07-13T06:17:21Z,Thomas Brouwer,63,63.0,0.566,0.704,11,-8.003,0,0.0752,0.0461,3.25e-05,0.731,0.429,124.933,4,5OsYviJJXb8g8uM1K7JiPm,"[{'name': 'Kris Kross Amsterdam', 'genres': ['dutch house', 'dutch pop'], 'popularity': 61}, {'name': 'Sofía Reyes', 'genres': ['latin pop', 'latin viral pop', 'mexican pop', 'reggaeton'], 'popularity': 66}, {'name': 'Tinie Tempah', 'genres': ['dance pop', 'grime', 'pop rap'], 'popularity': 62}]"
Reset - Prins Thomas Diskomiks,"Massimiliano Pagliara, Coloray, Fort Romeau, Prins Thomas",Reset (Prins Thomas Remixes),single,2023-06-16,8:43,2023-07-14T17:27:07Z,Thomas Brouwer,12,30.25,0.636,0.921,0,-6.308,0,0.0438,0.00394,0.449,0.163,0.753,124.0,4,5UX3IxKOIb3R4TEgMJURFK,"[{'name': 'Massimiliano Pagliara', 'genres': ['float house'], 'popularity': 28}, {'name': 'Coloray', 'genres': [], 'popularity': 29}, {'name': 'Fort Romeau', 'genres': ['float house', 'future garage', 'microhouse'], 'popularity': 31}, {'name': 'Prins Thomas', 'genres': ['balearic', 'norwegian space disco'], 'popularity': 33}]"
It Must Change,"ANOHNI, Antony and the Johnsons",My Back Was A Bridge For You To Cross,album,2023-07-06,4:55,2023-07-16T10:08:48Z,hvdpal58,45,46.5,0.674,0.386,7,-12.68,0,0.0276,0.603,0.00121,0.112,0.342,97.06,4,0kN5FVdrkO1w7itaepBMwM,"[{'name': 'ANOHNI', 'genres': ['art pop', 'chamber psych', 'experimental pop', 'metropopolis', 'transpop'], 'popularity': 47}, {'name': 'Antony and the Johnsons', 'genres': ['baroque pop', 'chamber pop', 'melancholia'], 'popularity': 46}]"
So Much - Dark-Side Mix,Peter Gabriel,So Much (Dark-Side Mix),single,2023-07-03,4:50,2023-07-16T11:31:53Z,hvdpal58,42,63.0,0.355,0.241,0,-11.524,1,0.0458,0.847,0.0746,0.111,0.19,84.429,4,45GmfZojjnWbfgYyEk0txR,"[{'name': 'Peter Gabriel', 'genres': ['album rock', 'art rock', 'classic rock', 'mellow gold', 'new romantic', 'new wave', 'permanent wave', 'progressive rock', 'rock', 'singer-songwriter', 'soft rock'], 'popularity': 63}]"
Tiny Garden,"Jamila Woods, duendita",Tiny Garden,single,2023-07-11,4:11,2023-07-20T15:28:29Z,Joline Charlotte,44,42.0,0.743,0.354,6,-10.923,0,0.138,0.239,2.35e-05,0.105,0.643,96.028,4,40ke1BOmv6yyUrfbchPr3P,"[{'name': 'Jamila Woods', 'genres': ['afrofuturism', 'alternative r&b'], 'popularity': 49}, {'name': 'duendita', 'genres': ['bedroom soul'], 'popularity': 35}]"
(It Goes Like) Nanana - Edit,Peggy Gou,(It Goes Like) Nanana [Edit],single,2023-06-15,3:51,2023-07-25T15:36:59Z,Joline Charlotte,89,69.0,0.671,0.876,7,-5.681,0,0.0352,0.12,0.188,0.0823,0.964,129.998,4,23RoR84KodL5HWvUTneQ1w,"[{'name': 'Peggy Gou', 'genres': ['electra', 'float house'], 'popularity': 69}]"
Lay Low,Tiësto,Lay Low,single,2023-01-06,2:33,2023-07-25T15:38:26Z,Joline Charlotte,81,81.0,0.534,0.855,1,-4.923,0,0.183,0.0607,0.000263,0.346,0.42,122.06,4,0zKbDrEXKpnExhGQRe9dxt,"[{'name': 'Tiësto', 'genres': ['big room', 'brostep', 'dutch edm', 'edm', 'house', 'pop dance', 'slap house', 'trance'], 'popularity': 81}]"
vampire,Olivia Rodrigo,vampire,single,2023-06-30,3:39,2023-07-25T16:01:51Z,Joline Charlotte,65,87.0,0.511,0.532,5,-5.745,1,0.056,0.169,0,0.311,0.322,137.827,4,3k79jB4aGmMDUQzEwa46Rz,"[{'name': 'Olivia Rodrigo', 'genres': ['pop'], 'popularity': 87}]"
Sliver of Ice,"ANOHNI, Antony and the Johnsons",My Back Was A Bridge For You To Cross,album,2023-07-06,3:41,2023-07-27T17:17:21Z,Thomas Brouwer,42,46.5,0.361,0.145,1,-15.759,1,0.0418,0.94,0.000259,0.111,0.0766,150.968,4,3Jbgr9lr2j3K22dZh9VYcx,"[{'name': 'ANOHNI', 'genres': ['art pop', 'chamber psych', 'experimental pop', 'metropopolis', 'transpop'], 'popularity': 47}, {'name': 'Antony and the Johnsons', 'genres': ['baroque pop', 'chamber pop', 'melancholia'], 'popularity': 46}]"
Camelo's - Original Mix,Vilchezz,slash 005 - Camelo's,single,2023-07-28,5:57,2023-07-31T04:34:50Z,Thomas Brouwer,39,20.0,0.658,0.918,6,-9.152,0,0.0447,0.00393,0.909,0.104,0.244,145.024,4,0IruDrkxiWEsm8SjNJ4S6f,"[{'name': 'Vilchezz', 'genres': [], 'popularity': 20}]"
De Jakkaman pt. 1 & pt. 2,De Jeugd Van Tegenwoordig,Moderne Manieren,album,2023-08-11,5:4,2023-08-11T18:27:06Z,Thomas Brouwer,46,50.0,0.82,0.693,1,-6.509,1,0.0652,0.155,0.0114,0.48,0.59,100.011,4,1ETFYi66tAmX1PUkhj5Xnt,"[{'name': 'De Jeugd Van Tegenwoordig', 'genres': ['dutch hip hop', 'dutch pop', 'dutch rock'], 'popularity': 50}]"
De Jakkaman pt. 3,De Jeugd Van Tegenwoordig,Moderne Manieren,album,2023-08-11,1:58,2023-08-11T18:27:18Z,Thomas Brouwer,39,50.0,0.689,0.812,1,-5.743,1,0.0422,0.0178,0.964,0.0808,0.812,99.987,4,7q5M9NZPFmpZAcgzZ8n6fO,"[{'name': 'De Jeugd Van Tegenwoordig', 'genres': ['dutch hip hop', 'dutch pop', 'dutch rock'], 'popularity': 50}]"
Welcome to the DCC,Nothing But Thieves,Dead Club City,album,2023-06-30,3:17,2023-08-16T06:49:13Z,Thomas Brouwer,65,67.0,0.656,0.748,9,-4.759,0,0.0589,0.0201,0.0563,0.129,0.202,121.052,4,1eivMnftGIAIeTDUfTssVX,"[{'name': 'Nothing But Thieves', 'genres': ['alternative pop rock', 'modern alternative rock', 'modern rock'], 'popularity': 67}]"
Fangs - Avalon Emerson’s Re-Chip Remix,"Nathan Micay, Avalon Emerson",Fangs (Avalon Emerson’s Re-Chip Remix),single,2023-07-27,6:28,2023-08-17T09:53:32Z,Thomas Brouwer,23,31.0,0.648,0.915,9,-9.083,1,0.0363,0.0463,0.872,0.102,0.791,134.991,4,1o7i72xi4OudOtgB9XOZcf,"[{'name': 'Nathan Micay', 'genres': ['canadian house', 'experimental house'], 'popularity': 27}, {'name': 'Avalon Emerson', 'genres': ['electra', 'float house'], 'popularity': 35}]"
Off Wiv Ya Headz,Nia Archives,Off Wiv Ya Headz,single,2023-06-09,3:26,2023-08-20T20:21:16Z,Thomas Brouwer,59,55.0,0.555,0.984,8,-2.772,0,0.135,0.0116,0.586,0.54,0.337,164.989,4,29LpCEcWnk9lFfzR2o3YVW,"[{'name': 'Nia Archives', 'genres': ['modern jungle'], 'popularity': 55}]"
Double Tap,LSDXOXO,Double Tap,single,2023-05-30,3:10,2023-08-23T11:48:12Z,Thomas Brouwer,38,38.0,0.612,0.957,2,-6.587,1,0.0447,6.17e-05,0.414,0.17,0.583,145.001,4,0wLcWLY6JuNIuqJZxOu1Z7,"[{'name': 'LSDXOXO', 'genres': ['escape room', 'vogue'], 'popularity': 38}]"
Take It Slow (feat. Loyle Carner),"ENNY, Loyle Carner",Take It Slow (feat. Loyle Carner),single,2023-04-12,3:41,2023-08-26T14:25:02Z,hvdpal58,57,58.0,0.508,0.6,4,-8.554,0,0.411,0.484,0.00134,0.0756,0.589,88.704,4,2Yk44lQXJDw9jySBTOB0Ag,"[{'name': 'ENNY', 'genres': ['alternative r&b'], 'popularity': 54}, {'name': 'Loyle Carner', 'genres': ['indie soul', 'london rap'], 'popularity': 62}]"
Prada,"cassö, RAYE, D-Block Europe",Prada,single,2023-08-11,2:12,2023-08-28T09:40:07Z,hvdpal58,94,75.66666666666667,0.638,0.717,8,-5.804,1,0.0375,0.001,1.79e-06,0.113,0.422,141.904,4,59NraMJsLaMCVtwXTSia8i,"[{'name': 'cassö', 'genres': [], 'popularity': 73}, {'name': 'RAYE', 'genres': ['uk contemporary r&b', 'uk pop'], 'popularity': 78}, {'name': 'D-Block Europe', 'genres': ['melodic drill', 'uk hip hop'], 'popularity': 76}]"
Escapism.,"RAYE, 070 Shake",My 21st Century Blues,album,2023-02-03,4:32,2023-08-28T09:57:11Z,hvdpal58,86,74.0,0.538,0.742,2,-5.355,1,0.114,0.138,4.67e-05,0.0934,0.25,96.107,4,5mHdCZtVyb4DcJw8799hZp,"[{'name': 'RAYE', 'genres': ['uk contemporary r&b', 'uk pop'], 'popularity': 78}, {'name': '070 Shake', 'genres': ['new jersey rap'], 'popularity': 70}]"
Mary Jane.,RAYE,My 21st Century Blues,album,2023-02-03,3:52,2023-08-28T09:58:48Z,hvdpal58,53,78.0,0.564,0.268,7,-9.792,1,0.0311,0.844,0.000111,0.187,0.398,81.836,4,3PLTYnLCus4KHeCyW2jsee,"[{'name': 'RAYE', 'genres': ['uk contemporary r&b', 'uk pop'], 'popularity': 78}]"
Used To Be Young,Miley Cyrus,Endless Summer Vacation,album,2023-08-18,3:11,2023-08-31T20:36:14Z,Joline Charlotte,83,83.0,0.451,0.632,4,-3.843,1,0.0475,0.6,0,0.139,0.455,147.06,4,41WQUSINanQHfhfKpFDsms,"[{'name': 'Miley Cyrus', 'genres': ['pop'], 'popularity': 83}]"
Fairlies,Grian Chatten,Chaos For The Fly,album,2023-06-30,4:10,2023-09-11T19:36:06Z,hvdpal58,53,42.0,0.491,0.727,11,-5.975,1,0.0407,0.0307,0.000632,0.115,0.471,170.603,4,5GxHieECgT7L3Uo92HHUef,"[{'name': 'Grian Chatten', 'genres': ['crank wave'], 'popularity': 42}]"
Bob's Casino,Grian Chatten,Chaos For The Fly,album,2023-06-30,4:44,2023-09-11T19:36:21Z,hvdpal58,44,42.0,0.544,0.657,7,-7.439,1,0.032,0.0123,0.0127,0.0462,0.586,130.08,4,5a6pdzacMkKTgDmr46W65Y,"[{'name': 'Grian Chatten', 'genres': ['crank wave'], 'popularity': 42}]"
Ice Cream Man.,RAYE,My 21st Century Blues,album,2023-02-03,4:8,2023-09-11T19:41:56Z,hvdpal58,61,78.0,0.548,0.295,6,-10.276,1,0.245,0.693,0.000278,0.247,0.123,152.593,4,60KvZItTS7PpROovaNVQcy,"[{'name': 'RAYE', 'genres': ['uk contemporary r&b', 'uk pop'], 'popularity': 78}]"
Sterrenlopen (met S10),"Wende, S10",Sterrenlopen (met S10),single,2023-09-06,4:2,2023-09-12T15:59:02Z,svdpal,30,48.5,0.615,0.711,8,-7.311,1,0.0363,0.303,0.0605,0.141,0.283,161.95,4,7yrvzTfOAxtB4UkUnizn1X,"[{'name': 'Wende', 'genres': ['dutch indie', 'dutch pop'], 'popularity': 40}, {'name': 'S10', 'genres': ['dutch pop'], 'popularity': 57}]"
Something On My Mind,"Purple Disco Machine, Duke Dumont, Nothing But Thieves",Something On My Mind,single,2023-09-08,3:36,2023-09-14T15:49:57Z,Joline Charlotte,73,67.0,0.612,0.802,9,-5.087,0,0.0743,0.00693,2.33e-05,0.422,0.775,118.036,4,7uEvezzgCoYmqRDloOXUSR,"[{'name': 'Purple Disco Machine', 'genres': ['deep house', 'house'], 'popularity': 70}, {'name': 'Duke Dumont', 'genres': ['edm', 'house', 'pop dance', 'progressive house', 'uk dance'], 'popularity': 64}, {'name': 'Nothing But Thieves', 'genres': ['alternative pop rock', 'modern alternative rock', 'modern rock'], 'popularity': 67}]"
"Paris, Texas (feat. SYML)","Lana Del Rey, SYML",Did you know that there's a tunnel under Ocean Blvd,album,2023-03-24,3:26,2023-09-18T12:40:02Z,Thomas Brouwer,77,79.0,0.315,0.102,0,-17.621,0,0.034,0.985,0.0512,0.109,0.185,169.69,3,0Oqxt6JixieLHbwMfnJGWO,"[{'name': 'Lana Del Rey', 'genres': ['art pop', 'pop'], 'popularity': 89}, {'name': 'SYML', 'genres': ['indie anthem-folk', 'modern indie pop'], 'popularity': 69}]"
Not Worth It,Maria Mena,And Then Came You,album,2023-09-15,3:56,2023-09-15T06:24:00Z,Joline Charlotte,38,55.0,0.524,0.802,9,-5.899,1,0.0332,0.0121,8.22e-05,0.113,0.335,105.042,4,2eHr4kwnpX5XaU7YnQ6mAt,"[{'name': 'Maria Mena', 'genres': ['candy pop', 'norwegian pop', 'norwegian singer-songwriter'], 'popularity': 55}]"
Try Again Tomorrow (feat. Darling West),"Maria Mena, Darling West",And Then Came You,album,2023-09-15,3:43,2023-09-15T06:43:05Z,Joline Charlotte,36,46.5,0.62,0.379,2,-9.394,1,0.0285,0.87,0.000117,0.106,0.236,115.95,4,654d3dcpoy4ljSmvKKmFBp,"[{'name': 'Maria Mena', 'genres': ['candy pop', 'norwegian pop', 'norwegian singer-songwriter'], 'popularity': 55}, {'name': 'Darling West', 'genres': ['norwegian americana'], 'popularity': 38}]"
Slime You Out (feat. SZA),"Drake, SZA",Slime You Out,single,2023-09-15,5:10,2023-09-24T07:59:34Z,hvdpal58,81,91.0,0.483,0.408,5,-9.243,0,0.0502,0.508,0,0.259,0.105,88.88,3,3RaCGXCiiMufRPoexXxGkV,"[{'name': 'Drake', 'genres': ['canadian hip hop', 'canadian pop', 'hip hop', 'pop rap', 'rap'], 'popularity': 95}, {'name': 'SZA', 'genres': ['pop', 'r&b', 'rap'], 'popularity': 87}]"
Black Dress,070 Shake,Black Dress,single,2023-09-22,3:57,2023-09-26T14:56:42Z,Thomas Brouwer,59,70.0,0.614,0.645,10,-4.237,1,0.0312,0.0285,2.22e-06,0.0832,0.4,121.998,4,4pchG0mOBAJoXXu1vmwyTY,"[{'name': '070 Shake', 'genres': ['new jersey rap'], 'popularity': 70}]"
James,Oscar and the Wolf,[PIAS] 40,single,2023-09-22,5:14,2023-09-26T17:43:18Z,svdpal,20,49.0,0.39,0.524,9,-8.388,0,0.0336,0.0194,0.69,0.159,0.0633,172.012,4,05K5lXvfQ9z08zcsEjkPyX,"[{'name': 'Oscar and the Wolf', 'genres': ['belgian indie', 'belgian pop'], 'popularity': 49}]"
Arcade,"Numidia, Beste Zangers",Beste Zangers 2023 (Numidia),single,2023-09-23,3:16,2023-09-26T18:10:17Z,Thomas Brouwer,42,50.5,0.34,0.387,11,-10.041,0,0.0411,0.501,0,0.248,0.237,135.685,4,2dDoOSCrKQCY95eY56Xs9R,"[{'name': 'Numidia', 'genres': [], 'popularity': 49}, {'name': 'Beste Zangers', 'genres': ['dutch pop'], 'popularity': 52}]"
Sleep When I'm With You,The Indien,Sleep When I'm With You,single,2023-08-04,2:59,2023-09-27T08:39:27Z,Thomas Brouwer,43,32.0,0.62,0.413,1,-10.47,1,0.133,0.72,0.00122,0.0837,0.668,98.774,4,3Va9eANCm7FrpByrRLkQvk,"[{'name': 'The Indien', 'genres': ['dutch indie'], 'popularity': 32}]"
Ascending Into The Clouds (feat. Elisabeth Troy) - Edit,"Tiga, Hudson Mohawke, Elisabeth Troy",Ascending Into The Clouds (feat. Elisabeth Troy) [Original Mix],single,2023-09-15,3:28,2023-09-28T07:53:49Z,Thomas Brouwer,15,42.333333333333336,0.502,0.942,10,-5.405,0,0.0479,0.000786,3.57e-05,0.567,0.353,141.003,4,2XeNcg9BcyN7Si6NgvnwD3,"[{'name': 'Tiga', 'genres': ['alternative dance', 'canadian electronic', 'dance-punk', 'electroclash', 'electronica', 'filter house', 'minimal techno', 'new rave'], 'popularity': 47}, {'name': 'Hudson Mohawke', 'genres': ['future garage', 'instrumental hip hop', 'purple sound', 'scottish electronic', 'scottish hip hop', 'uk experimental electronic', 'wonky'], 'popularity': 45}, {'name': 'Elisabeth Troy', 'genres': ['uk garage'], 'popularity': 35}]"
Ascending Into The Clouds (feat. Elisabeth Troy) - Original Mix,"Tiga, Hudson Mohawke, Elisabeth Troy",Ascending Into The Clouds (feat. Elisabeth Troy) [Original Mix],single,2023-09-15,6:14,2023-09-28T07:53:49Z,Thomas Brouwer,27,42.333333333333336,0.618,0.947,10,-6.343,0,0.048,0.000108,0.0354,0.082,0.442,141.001,4,7itxAOLZYn9CeCZ5tFxwVA,"[{'name': 'Tiga', 'genres': ['alternative dance', 'canadian electronic', 'dance-punk', 'electroclash', 'electronica', 'filter house', 'minimal techno', 'new rave'], 'popularity': 47}, {'name': 'Hudson Mohawke', 'genres': ['future garage', 'instrumental hip hop', 'purple sound', 'scottish electronic', 'scottish hip hop', 'uk experimental electronic', 'wonky'], 'popularity': 45}, {'name': 'Elisabeth Troy', 'genres': ['uk garage'], 'popularity': 35}]"
Escapism. - Sped Up,"RAYE, 070 Shake",Escapism.,single,2022-12-07,3:59,2023-09-27T14:45:39Z,Thomas Brouwer,79,74.0,0.435,0.768,6,-5.352,0,0.201,0.0857,0.000231,0.0918,0.378,107.588,4,3XCpS4k8WqNnCpcDOSRRuz,"[{'name': 'RAYE', 'genres': ['uk contemporary r&b', 'uk pop'], 'popularity': 78}, {'name': '070 Shake', 'genres': ['new jersey rap'], 'popularity': 70}]"
Carbon Dioxide - Avalon Emerson Remix,"Fever Ray, Avalon Emerson",Carbon Dioxide (Avalon Emerson Remix),single,2023-09-25,6:11,2023-09-29T08:13:33Z,Thomas Brouwer,32,42.0,0.634,0.797,10,-8.629,1,0.0463,0.00516,0.272,0.124,0.475,130.669,4,58B6uDFgToHIrJIwnCe8ST,"[{'name': 'Fever Ray', 'genres': ['alternative dance', 'art pop', 'dark pop', 'electronica', 'neo-synthpop', 'swedish electropop', 'swedish synth', 'swedish synthpop'], 'popularity': 49}, {'name': 'Avalon Emerson', 'genres': ['electra', 'float house'], 'popularity': 35}]"
ENERGIE,"Chibi Ichigo, Sophie Straat",ENERGIE,single,2023-09-29,4:1,2023-09-29T08:21:55Z,Thomas Brouwer,38,28.5,0.566,0.863,2,-6.894,0,0.0331,0.0527,0.00205,0.0612,0.473,147.971,4,3GeYpZcJMoSraXaiKG4yqq,"[{'name': 'Chibi Ichigo', 'genres': ['vlaamse rap'], 'popularity': 22}, {'name': 'Sophie Straat', 'genres': ['dutch indie'], 'popularity': 35}]"
To be honest - Paul Woolford Rework,"Christine and the Queens, Paul Woolford",To be honest (Remixes),single,2023-09-29,3:56,2023-09-29T08:34:21Z,Thomas Brouwer,47,53.5,0.588,0.953,2,-7.221,1,0.0495,0.00487,0.0834,0.228,0.729,124.978,4,2r2qLCogK37mXgAA7qn38c,"[{'name': 'Christine and the Queens', 'genres': ['art pop', 'electro-pop francais', 'metropopolis', 'shimmer pop'], 'popularity': 55}, {'name': 'Paul Woolford', 'genres': ['house', 'uk dance', 'uk house'], 'popularity': 52}]"
Prada - Sped Up,"cassö, RAYE, D-Block Europe",Prada (Ronnie Pacitti Remix),single,2023-09-22,1:57,2023-09-29T09:20:01Z,Thomas Brouwer,37,75.66666666666667,0.598,0.734,5,-5.97,0,0.0383,0.000426,4.01e-05,0.361,0.328,159.933,4,799g4ttNfkHaON8TZFP0Ki,"[{'name': 'cassö', 'genres': [], 'popularity': 73}, {'name': 'RAYE', 'genres': ['uk contemporary r&b', 'uk pop'], 'popularity': 78}, {'name': 'D-Block Europe', 'genres': ['melodic drill', 'uk hip hop'], 'popularity': 76}]"
Deep End (Paul’s in Pieces),The National,Laugh Track,album,2023-09-18,4:29,2023-09-29T11:20:58Z,Thomas Brouwer,60,66.0,0.533,0.885,0,-7.149,1,0.0386,0.121,0.579,0.184,0.619,87.038,4,5QD7OqeRVdpFys4QZ3UxeS,"[{'name': 'The National', 'genres': ['chamber pop', 'indie folk', 'indie rock', 'indietronica', 'modern rock'], 'popularity': 66}]"
Pompette Encore,Jungle by Night,Pompette Encore,single,2023-09-22,6:32,2023-09-29T21:08:39Z,Thomas Brouwer,27,33.0,0.606,0.753,1,-8.604,1,0.0343,0.0492,0.937,0.102,0.436,119.958,4,3E47fo7aXBwEmo7xroTOuk,"[{'name': 'Jungle by Night', 'genres': ['dutch indie'], 'popularity': 33}]"
Manifesto (feat. Jungle By Night),"Folamour, Jungle by Night",Manifesto (feat. Jungle By Night),single,2023-05-25,7:23,2023-09-29T21:09:06Z,Thomas Brouwer,15,42.0,0.862,0.785,10,-7.459,0,0.0413,0.0533,0.904,0.0987,0.691,120.014,4,6eTkwDkPoVqJtcvL6WM4Jb,"[{'name': 'Folamour', 'genres': ['jazz house', 'lo-fi house'], 'popularity': 51}, {'name': 'Jungle by Night', 'genres': ['dutch indie'], 'popularity': 33}]"
Rap Objet D'arts,Brainpower,Rap Objet D'arts,single,2023-08-04,2:33,2023-09-30T14:18:11Z,svdpal,25,36.0,0.769,0.762,8,-9.041,0,0.186,0.0537,0,0.341,0.276,100.054,4,2IH2eDT2tAiZvlGrfYm3qV,"[{'name': 'Brainpower', 'genres': ['dutch hip hop', 'old school nederhop'], 'popularity': 36}]"
Nothing Ontploffing,Elmer,Nothing Ontploffing,single,2023-03-10,4:21,2023-10-05T15:24:26Z,Thomas Brouwer,30,24.0,0.67,0.59,1,-11.822,1,0.0579,0.425,0.905,0.108,0.6,120.034,4,3TDHmFKCfFviqOndrk9wde,"[{'name': 'Elmer', 'genres': [], 'popularity': 24}]"
OMG It's Happening,DI-RECT,OMG It's Happening,single,2023-06-30,2:59,2023-10-14T13:41:08Z,svdpal,60,50.0,0.537,0.859,11,-6.55,1,0.0535,0.00101,2.48e-06,0.365,0.662,107.0,4,3UDWgZznpvkwYx92b0hjJ8,"[{'name': 'DI-RECT', 'genres': ['dutch pop', 'dutch rock'], 'popularity': 50}]"
Franse Vaart,BeraadGeslagen,Franse Vaart,single,2023-10-13,6:51,2023-10-15T16:35:05Z,Thomas Brouwer,12,17.0,0.433,0.688,1,-8.316,1,0.0655,0.00319,0.742,0.177,0.609,103.057,4,1DAlJtKhzUfzhbHuk6g7kz,"[{'name': 'BeraadGeslagen', 'genres': ['belgian modern jazz'], 'popularity': 17}]"
Backstage,CUT_,Backstage,single,2023-10-13,4:12,2023-10-15T16:41:31Z,Thomas Brouwer,15,40.0,0.682,0.804,11,-8.963,1,0.033,0.0193,0.439,0.105,0.824,129.996,4,5KcfUB16Fxd3xt6QJAMFRa,"[{'name': 'CUT_', 'genres': ['indie electropop'], 'popularity': 40}]"
I'll Take Your Number,KATYA,I'll Take Your Number,single,2023-06-23,3:10,2023-10-16T16:06:08Z,svdpal,37,31.0,0.831,0.544,6,-8.511,0,0.0716,0.629,2.77e-05,0.261,0.614,109.068,4,2qBA1yjQqhHG9yYvouOwep,"[{'name': 'KATYA', 'genres': [], 'popularity': 31}]"
Be without being seen - Movement I,Colleen,Le jour et la nuit du réel,album,2023-09-22,2:5,2023-10-16T07:33:06Z,hvdpal58,25,34.0,0.313,0.0618,11,-21.487,0,0.0395,0.99,0.86,0.112,0.0766,72.031,4,5HGBHJYFW3W8ZJVlLj6Lue,"[{'name': 'Colleen', 'genres': ['art pop', 'electra', 'experimental pop', 'folktronica', 'spectra'], 'popularity': 34}]"
Moths,RY X,Moths,single,2023-10-12,3:22,2023-10-17T07:35:00Z,svdpal,57,60.0,0.319,0.255,9,-12.936,1,0.0355,0.941,0.0123,0.105,0.253,179.34,3,6Sqg4nl7GHgAI8YA7eDrRA,"[{'name': 'RY X', 'genres': ['indie anthem-folk', 'indie folk'], 'popularity': 60}]"
Beyond Control,Fantastic Man,Beyond Control,single,2023-02-16,6:14,2023-10-18T16:32:19Z,Thomas Brouwer,27,27.0,0.782,0.912,1,-10.67,1,0.0489,0.188,0.867,0.0705,0.803,128.994,4,6WhTKGrJaMbTbEtQvU5yKR,"[{'name': 'Fantastic Man', 'genres': ['float house'], 'popularity': 27}]"
youandme,Noha Saré,Into Your Head,single,2023-02-24,2:59,2023-10-22T11:09:13Z,Thomas Brouwer,17,23.0,0.732,0.378,4,-10.402,0,0.0412,0.608,0.0548,0.104,0.144,97.955,4,51mffAss4N5q3VVkLR02TE,"[{'name': 'Noha Saré', 'genres': [], 'popularity': 23}]"
Balearic Mornings (Rave Mix),"Reinier Zonneveld, Oliver Heldens, HI-LO",Heaven Is Mad (For You),album,2023-10-13,3:44,2023-10-24T15:45:47Z,Thomas Brouwer,45,57.0,0.552,0.948,5,-5.29,0,0.0598,0.00107,0.864,0.0803,0.636,150.028,4,077AjPx334yMPROFwWZOUb,"[{'name': 'Reinier Zonneveld', 'genres': ['dark techno'], 'popularity': 52}, {'name': 'Oliver Heldens', 'genres': ['dutch house', 'edm', 'electro house', 'future house', 'house', 'pop dance', 'progressive electro house', 'progressive house'], 'popularity': 66}, {'name': 'HI-LO', 'genres': ['dutch house', 'electro house', 'house'], 'popularity': 53}]"
Alles Wacht,"puntjudith, De Toegift",Alles Wacht,single,2023-10-25,3:12,2023-10-25T08:20:11Z,Thomas Brouwer,26,14.0,0.558,0.396,10,-12.862,0,0.0331,0.62,0.00104,0.224,0.351,91.996,4,0Tbumc3TvqoTUWoe7vMicR,"[{'name': 'puntjudith', 'genres': [], 'popularity': 10}, {'name': 'De Toegift', 'genres': [], 'popularity': 18}]"
C’est la Vie,MIKA,C'est la Vie (Kids Choir Version / avec La Maitrise Populaire),single,2023-10-26,3:28,2023-10-28T10:46:27Z,Thomas Brouwer,31,64.0,0.78,0.717,1,-3.839,0,0.0346,0.00949,0,0.108,0.717,123.989,4,1nuJq69HGhGSkmXRkqxt0g,"[{'name': 'MIKA', 'genres': ['electropop'], 'popularity': 64}]"
Depressief in de Zomer,NONCHELANGE,Depressief in de Zomer,single,2023-11-02,2:20,2023-11-03T16:14:33Z,Thomas Brouwer,30,25.0,0.762,0.746,7,-6.953,1,0.0302,0.0624,1.96e-06,0.305,0.961,121.987,4,1D7w1ObbtkZ3tCmmpMQk6z,"[{'name': 'NONCHELANGE', 'genres': [], 'popularity': 25}]"
Laat Mij Het Zijn,Wende,Sterrenlopen,album,2023-09-08,2:58,2023-11-03T21:33:28Z,hvdpal58,38,40.0,0.641,0.0936,4,-19.843,0,0.194,0.972,0.049,0.133,0.459,179.471,4,3bdI0k1bCkMlpefVeiC4MY,"[{'name': 'Wende', 'genres': ['dutch indie', 'dutch pop'], 'popularity': 40}]"
De Leven,"Kevin, S10",De Leven,single,2023-11-02,2:41,2023-11-06T16:34:09Z,Joline Charlotte,72,61.5,0.568,0.506,8,-7.583,0,0.252,0.247,3.26e-06,0.0848,0.263,114.584,5,0NxfpRR1pmtGC9J61iHIIc,"[{'name': 'Kevin', 'genres': ['dutch hip hop', 'dutch rap pop'], 'popularity': 66}, {'name': 'S10', 'genres': ['dutch pop'], 'popularity': 57}]"
Now And Then,The Beatles,Now And Then,single,2023-11-02,4:8,2023-11-09T08:50:57Z,Joline Charlotte,83,83.0,0.442,0.605,4,-4.639,0,0.0284,0.238,6.44e-05,0.307,0.358,87.194,4,4vziJcnB2Qyi9o4nIRUeN7,"[{'name': 'The Beatles', 'genres': ['british invasion', 'classic rock', 'merseybeat', 'psychedelic rock', 'rock'], 'popularity': 83}]"
17,Davina Michelle,17,single,2023-11-03,2:42,2023-11-09T08:52:30Z,Joline Charlotte,58,54.0,0.539,0.684,4,-4.485,1,0.0826,0.00199,0,0.326,0.476,150.048,4,6Xd7Hqo1E5jnX5GtEt53xi,"[{'name': 'Davina Michelle', 'genres': ['dutch pop'], 'popularity': 54}]"
Standing Next to You,Jung Kook,GOLDEN,album,2023-11-03,3:26,2023-11-09T08:53:11Z,Joline Charlotte,98,89.0,0.711,0.809,2,-4.389,0,0.0955,0.0447,0,0.339,0.816,106.017,4,2KslE17cAJNHTsI2MI0jb2,"[{'name': 'Jung Kook', 'genres': ['k-pop'], 'popularity': 89}]"
Freaking Out,Tom Walker,Freaking Out,single,2023-11-03,2:25,2023-11-09T08:54:17Z,Joline Charlotte,66,65.0,0.359,0.747,10,-3.827,1,0.0681,0.236,0,0.105,0.321,139.911,4,56ztBAdzbxjBn6CAea9wMq,"[{'name': 'Tom Walker', 'genres': ['indie anthem-folk', 'uk pop'], 'popularity': 65}]"
Can’t Catch Me Now - from The Hunger Games: The Ballad of Songbirds & Snakes,Olivia Rodrigo,Can’t Catch Me Now (from The Hunger Games: The Ballad of Songbirds & Snakes),single,2023-11-03,3:25,2023-11-09T08:55:04Z,Joline Charlotte,89,87.0,0.521,0.366,11,-7.698,0,0.034,0.838,4.11e-06,0.12,0.225,141.965,4,56xHMIfQPoe0prrSi3BGhf,"[{'name': 'Olivia Rodrigo', 'genres': ['pop'], 'popularity': 87}]"
Rock It,Vance Joy,Rock It,single,2023-11-03,3:27,2023-11-09T09:15:01Z,Joline Charlotte,60,73.0,0.636,0.805,5,-5.792,1,0.0354,0.106,0.00039,0.121,0.543,107.023,4,0is4ka3uSbBT04pC2WFsp3,"[{'name': 'Vance Joy', 'genres': ['folk-pop', 'modern rock'], 'popularity': 73}]"
Nog Steeds Dezelfde,"Willem Ardui, Willem",Nog Steeds Dezelfde,single,2023-09-15,3:39,2023-11-09T17:14:26Z,Thomas Brouwer,35,32.5,0.657,0.366,4,-13.953,0,0.112,0.702,0.000634,0.118,0.416,86.994,4,0F4hPNXDZHw79Vxxxklcl6,"[{'name': 'Willem Ardui', 'genres': ['belgian pop'], 'popularity': 20}, {'name': 'Willem', 'genres': ['dutch hip hop'], 'popularity': 45}]"
Imitation,Bear's Den,White Magnolias,single,2023-11-10,4:10,2023-11-10T12:17:41Z,svdpal,47,54.0,0.482,0.0623,7,-19.258,1,0.0401,0.952,9.25e-05,0.109,0.12,147.595,3,4w3AHzPJknAhLa91y9hctv,"[{'name': ""Bear's Den"", 'genres': ['folk-pop', 'stomp and flutter', 'uk americana'], 'popularity': 54}]"
Houdini,Dua Lipa,Houdini,single,2023-11-09,3:5,2023-11-10T12:21:16Z,svdpal,93,85.0,0.744,0.789,9,-4.876,0,0.059,0.0036,0.00144,0.0947,0.866,116.985,4,4OMJGnvZfDvsePyCwRGO7X,"[{'name': 'Dua Lipa', 'genres': ['dance pop', 'pop', 'uk pop'], 'popularity': 85}]"
Berwyn (all that i got is you),"Fred again.., BERWYN, Dermot Kennedy, Guante",Actual Life 3 (January 1 - September 9 2022),album,2022-10-28,3:40,2023-11-14T07:46:04Z,Joline Charlotte,55,54.25,0.437,0.407,6,-14.377,1,0.302,0.916,0.653,0.45,0.088,126.73,4,4fw9IsZLZ4IW969ycjpmPy,"[{'name': 'Fred again..', 'genres': ['edm', 'house', 'stutter house'], 'popularity': 75}, {'name': 'BERWYN', 'genres': [], 'popularity': 39}, {'name': 'Dermot Kennedy', 'genres': ['folk-pop', 'irish pop', 'uk pop'], 'popularity': 70}, {'name': 'Guante', 'genres': ['slam poetry'], 'popularity': 33}]"
Houden Van Mij,Froukje,Houden Van Mij,single,2023-10-27,2:18,2023-11-14T17:09:51Z,svdpal,57,51.0,0.524,0.353,9,-12.467,0,0.0477,0.961,0.00119,0.106,0.317,122.067,3,6YydP7xxbousqGYDNIpwtc,"[{'name': 'Froukje', 'genres': ['dutch indie', 'dutch pop', 'lustrum'], 'popularity': 51}]"
Hope This Song Is For You (From the Netflix Film ‘A Beautiful Life’),Christopher,A Beautiful Life (Music From The Netflix Film),album,2023-06-01,2:35,2023-11-14T18:25:43Z,svdpal,37,60.0,0.565,0.339,6,-8.197,1,0.0305,0.691,0,0.0982,0.461,79.518,4,2EZ3EiXOYh3BTYtsiIKoQe,"[{'name': 'Christopher', 'genres': ['danish pop'], 'popularity': 60}]"
A Running Start,Sufjan Stevens,Javelin,album,2023-10-06,4:21,2023-11-15T08:08:12Z,hvdpal58,62,70.0,0.622,0.329,3,-10.566,1,0.0276,0.926,0.0273,0.105,0.452,87.981,5,0VEjM4LYuOxPCtrtKuwbuq,"[{'name': 'Sufjan Stevens', 'genres': ['art pop', 'baroque pop', 'chamber pop', 'indie pop', 'indie rock', 'singer-songwriter'], 'popularity': 70}]"
Houdini,Dua Lipa,Houdini,single,2023-11-09,3:5,2023-11-16T07:38:13Z,Joline Charlotte,93,85.0,0.744,0.789,9,-4.876,0,0.059,0.0036,0.00144,0.0947,0.866,116.985,4,4OMJGnvZfDvsePyCwRGO7X,"[{'name': 'Dua Lipa', 'genres': ['dance pop', 'pop', 'uk pop'], 'popularity': 85}]"
Popcorn (feat. Sylvie Kreusch),"Warhaus, Sylvie Kreusch",Popcorn (feat. Sylvie Kreusch),single,2023-11-10,3:56,2023-11-16T16:26:34Z,svdpal,52,43.5,0.642,0.729,2,-6.675,1,0.0536,0.0626,0.0436,0.0818,0.587,159.962,4,72oOVAyt2QyHSg7TezuI6G,"[{'name': 'Warhaus', 'genres': ['belgian indie', 'belgian rock'], 'popularity': 47}, {'name': 'Sylvie Kreusch', 'genres': ['belgian indie', 'belgian pop'], 'popularity': 40}]"
Bloed In Mijn Bloed,Wende,Sterrenlopen,album,2023-09-08,3:58,2023-11-16T16:35:35Z,Thomas Brouwer,39,40.0,0.737,0.325,1,-11.647,1,0.0531,0.722,0.0785,0.0993,0.11,125.958,4,1wWg9osOP31UyBk4hfbrA4,"[{'name': 'Wende', 'genres': ['dutch indie', 'dutch pop'], 'popularity': 40}]"
Troostzoekers (met Froukje),"Wende, Froukje",Sterrenlopen,album,2023-09-08,3:32,2023-11-17T11:17:40Z,Thomas Brouwer,48,45.5,0.735,0.442,9,-9.81,0,0.0391,0.708,0.000113,0.0887,0.328,111.006,4,1EGEgAKpYg1T9zOVZKyP8J,"[{'name': 'Wende', 'genres': ['dutch indie', 'dutch pop'], 'popularity': 40}, {'name': 'Froukje', 'genres': ['dutch indie', 'dutch pop', 'lustrum'], 'popularity': 51}]"
Far Away Island,Blur,The Ballad of Darren,album,2023-07-21,2:57,2023-11-18T13:54:35Z,hvdpal58,47,68.0,0.387,0.412,0,-8.688,1,0.0294,0.881,0.204,0.111,0.133,93.843,3,7HInMIq6FYsAlslUFSgwWm,"[{'name': 'Blur', 'genres': ['alternative rock', 'britpop', 'madchester', 'permanent wave', 'rock'], 'popularity': 68}]"
Vanavond Komt Ze Naar Mij,Adriaan Persons,Vanavond Komt Ze Naar Mij,single,2023-09-08,3:8,2023-11-18T11:54:39Z,svdpal,49,27.0,0.738,0.659,5,-5.563,0,0.118,0.0949,2.34e-06,0.1,0.964,92.938,4,1XlUhojwsf89SFoxuwvXW8,"[{'name': 'Adriaan Persons', 'genres': [], 'popularity': 27}]"
UNHEALTHY (feat. Shania Twain),"Anne-Marie, Shania Twain",UNHEALTHY (feat. Shania Twain),single,2023-05-18,2:29,2023-11-18T12:03:39Z,svdpal,76,74.0,0.621,0.66,11,-6.208,0,0.0366,0.00526,0,0.072,0.407,119.937,4,2doTn2LWTKN1Z0lZJG2WQw,"[{'name': 'Anne-Marie', 'genres': ['pop'], 'popularity': 77}, {'name': 'Shania Twain', 'genres': ['canadian country', 'canadian pop', 'contemporary country', 'country', 'country dawn'], 'popularity': 71}]"
Blades,Arlo Parks,My Soft Machine,album,2023-05-26,3:41,2023-11-18T12:08:06Z,svdpal,56,59.0,0.762,0.572,7,-6.533,0,0.0355,0.138,0.00222,0.106,0.504,106.014,4,77F6ryVdeVe0ZabzhpCad2,"[{'name': 'Arlo Parks', 'genres': ['indie pop', 'indie soul', 'uk contemporary r&b'], 'popularity': 59}]"
Basquiat,Asake,Work Of Art,album,2023-06-15,2:14,2023-11-18T12:09:16Z,svdpal,72,71.0,0.825,0.767,5,-7.893,1,0.0418,0.547,4.6e-06,0.0914,0.857,115.957,4,2H0w7oYDjUvgsFlNQ5swIg,"[{'name': 'Asake', 'genres': ['afrobeats', 'nigerian pop'], 'popularity': 71}]"
The Ballad,Blur,The Ballad of Darren,album,2023-07-21,3:36,2023-11-18T14:19:14Z,hvdpal58,53,68.0,0.6,0.63,11,-7.505,0,0.0422,0.402,0.00232,0.121,0.567,133.942,4,7l6hvTRyX52kg6q4zNIfQA,"[{'name': 'Blur', 'genres': ['alternative rock', 'britpop', 'madchester', 'permanent wave', 'rock'], 'popularity': 68}]"
Hello Love,Jessie Ware,That! Feels Good!,album,2023-04-28,4:42,2023-11-20T10:19:15Z,hvdpal58,54,58.0,0.486,0.749,5,-4.279,1,0.0494,0.12,0,0.112,0.709,91.571,4,40bgBzGrYBURVjiQ4itEkh,"[{'name': 'Jessie Ware', 'genres': ['british soul', 'electropop', 'neo soul', 'pop soul', 'uk pop'], 'popularity': 58}]"
Begin Again,Jessie Ware,That! Feels Good!,album,2023-04-28,5:24,2023-11-20T10:19:48Z,hvdpal58,54,58.0,0.492,0.916,9,-4.669,0,0.147,0.118,0,0.0389,0.456,109.967,4,7pMJ455NDmDtnAxSRniJt2,"[{'name': 'Jessie Ware', 'genres': ['british soul', 'electropop', 'neo soul', 'pop soul', 'uk pop'], 'popularity': 58}]"
Smoke and Fire,Låpsley,Cautionary Tales of Youth,album,2023-01-20,3:39,2023-11-20T10:31:26Z,hvdpal58,27,49.0,0.753,0.481,5,-11.597,1,0.0445,0.621,0.495,0.0939,0.128,113.99,4,0YsRQQjWdXZ6MeWV0BxrfR,"[{'name': 'Låpsley', 'genres': ['electropop', 'gauze pop'], 'popularity': 49}]"
Jasmine,Arlo Parks,Jasmine,single,2023-11-07,3:39,2023-11-20T15:03:55Z,Thomas Brouwer,61,59.0,0.646,0.646,10,-7.988,0,0.0722,0.256,0.136,0.0971,0.559,93.456,4,6bniCXManaPDnCN34waQs6,"[{'name': 'Arlo Parks', 'genres': ['indie pop', 'indie soul', 'uk contemporary r&b'], 'popularity': 59}]"
Jane Birkin,MIKA,Jane Birkin,single,2023-11-16,3:16,2023-11-23T20:09:01Z,Thomas Brouwer,55,64.0,0.653,0.683,6,-7.1,0,0.0433,0.0552,0.00287,0.196,0.624,128.053,4,4xsVpeTSTh64G82qf2HHaF,"[{'name': 'MIKA', 'genres': ['electropop'], 'popularity': 64}]"
Blijf Nog Even Hier,"Guusje, Bazart",Blijf Nog Even Hier,single,2023-05-26,2:45,2023-11-24T16:30:32Z,svdpal,56,39.0,0.707,0.686,0,-6.402,0,0.0343,0.0491,0.00028,0.378,0.818,121.992,4,0cv8BexgGcfJE8TZcdmqpW,"[{'name': 'Guusje', 'genres': [], 'popularity': 35}, {'name': 'Bazart', 'genres': ['belgian indie', 'belgian pop', 'kleinkunst'], 'popularity': 43}]"
So Many Plans,Beirut,So Many Plans,single,2023-08-30,3:47,2023-11-24T16:37:20Z,svdpal,45,56.0,0.356,0.382,0,-10.295,1,0.0329,0.904,0.776,0.104,0.227,179.754,3,14pNmP49UDCDJDobtV2FMc,"[{'name': 'Beirut', 'genres': ['albuquerque indie', 'baroque pop', 'chamber pop', 'indie rock', 'indietronica', 'stomp and holler'], 'popularity': 56}]"
Walking Backwards,Ben Howard,Is It?,album,2023-06-16,5:19,2023-11-24T16:39:36Z,svdpal,48,63.0,0.659,0.819,8,-8.921,1,0.0386,0.0826,0.713,0.178,0.332,111.594,4,7CIaxkpPPSf4cRsLf4aFik,"[{'name': 'Ben Howard', 'genres': ['british singer-songwriter', 'folk-pop', 'indie folk'], 'popularity': 63}]"
Pyjamas - feat. Remi Wolf,"Benny Sings, Remi Wolf",Young Hearts,album,2023-03-24,2:48,2023-11-24T16:41:15Z,svdpal,37,60.5,0.904,0.46,7,-9.485,1,0.0758,0.173,0.0852,0.136,0.717,96.971,4,4y4NgpUgYK33pKT5OIKmBQ,"[{'name': 'Benny Sings', 'genres': ['dutch pop', 'indie soul'], 'popularity': 60}, {'name': 'Remi Wolf', 'genres': ['indie pop', 'modern alternative pop'], 'popularity': 61}]"
"What Was I Made For? [From The Motion Picture ""Barbie""]",Billie Eilish,"What Was I Made For? [From The Motion Picture ""Barbie""]",single,2023-07-13,3:42,2023-11-24T19:29:02Z,Thomas Brouwer,94,86.0,0.444,0.0911,0,-17.665,1,0.0307,0.959,1.05e-06,0.098,0.142,78.403,4,6wf7Yu7cxBSPrRlWeSeK0Q,"[{'name': 'Billie Eilish', 'genres': ['art pop', 'pop'], 'popularity': 86}]"
Sad Nebula,Ferdous,Cool Party,album,2023-02-24,2:23,2023-11-25T13:17:31Z,svdpal,36,39.0,0.663,0.546,9,-9.66,0,0.214,0.355,0.0615,0.117,0.438,176.016,4,34dN0WHLumVGf5Sj8GRrXk,"[{'name': 'Ferdous', 'genres': [], 'popularity': 39}]"
Mis,S10,Mis,single,2023-11-23,3:9,2023-11-26T14:51:04Z,Joline Charlotte,49,57.0,0.604,0.654,1,-9.004,1,0.0464,0.196,0.0111,0.112,0.16,120.025,4,404H9QuRwVi2akcBl5wMDj,"[{'name': 'S10', 'genres': ['dutch pop'], 'popularity': 57}]"
A day in the water,Christine and the Queens,"PARANOÏA, ANGELS, TRUE LOVE",album,2023-06-09,4:1,2023-11-27T17:32:25Z,Thomas Brouwer,52,55.0,0.592,0.524,0,-7.872,1,0.136,0.717,0.00583,0.0997,0.232,139.637,5,5GGLwBHZvoiub0mYt5OUSt,"[{'name': 'Christine and the Queens', 'genres': ['art pop', 'electro-pop francais', 'metropopolis', 'shimmer pop'], 'popularity': 55}]"
"I swear, I Really Wanted To Make A ""Rap"" Album But This Is Literally The Way The Wind Blew Me This Time",André 3000,New Blue Sun,album,2023-11-17,12:20,2023-11-27T19:48:26Z,Thomas Brouwer,74,66.0,0.13,0.0986,6,-25.793,0,0.0402,0.958,0.785,0.13,0.0904,87.797,3,1lbjDy6IIerHFGZWKG0hno,"[{'name': 'André 3000', 'genres': ['atl hip hop', 'dirty south rap', 'hip hop', 'southern hip hop'], 'popularity': 66}]"
Mis,S10,Mis,single,2023-11-23,3:9,2023-11-27T20:22:44Z,Thomas Brouwer,49,57.0,0.604,0.654,1,-9.004,1,0.0464,0.196,0.0111,0.112,0.16,120.025,4,404H9QuRwVi2akcBl5wMDj,"[{'name': 'S10', 'genres': ['dutch pop'], 'popularity': 57}]"
Mijn Club,Sophie Straat,Smartlap Is Niet Dood,album,2023-03-03,4:46,2023-11-27T20:33:13Z,svdpal,28,35.0,0.478,0.514,7,-4.985,1,0.0275,0.414,4.47e-06,0.286,0.273,176.954,3,20lpcjgCSHU8IIb1HEm4wv,"[{'name': 'Sophie Straat', 'genres': ['dutch indie'], 'popularity': 35}]"
Feelings (feat. J Hus),"Jorja Smith, J Hus",falling or flying,album,2023-09-29,3:57,2023-12-06T11:21:06Z,hvdpal58,69,68.5,0.773,0.685,5,-7.529,0,0.309,0.064,6.85e-06,0.113,0.576,95.043,4,13eNzMdXHUinoWsxcRXTCW,"[{'name': 'Jorja Smith', 'genres': ['r&b', 'uk contemporary r&b'], 'popularity': 71}, {'name': 'J Hus', 'genres': ['afroswing', 'grime', 'uk hip hop'], 'popularity': 66}]"
GO GO GO,Jorja Smith,falling or flying,album,2023-09-29,2:25,2023-12-06T11:29:02Z,hvdpal58,58,71.0,0.644,0.708,2,-5.481,0,0.0503,0.0475,2.75e-06,0.099,0.854,160.045,4,4tQ3eY36dfKWDiAQqX9w0u,"[{'name': 'Jorja Smith', 'genres': ['r&b', 'uk contemporary r&b'], 'popularity': 71}]"
Alsof Het Weer Gister Is,S10,Mis,single,2023-11-23,3:44,2023-12-08T17:01:02Z,Joline Charlotte,45,57.0,0.555,0.765,1,-5.816,0,0.049,0.044,0,0.21,0.194,85.045,4,1PwHKf1daWWtaxJGKpalXk,"[{'name': 'S10', 'genres': ['dutch pop'], 'popularity': 57}]"
namesake,Noname,Sundial,album,2023-08-11,2:58,2023-12-09T21:04:27Z,Thomas Brouwer,52,54.0,0.791,0.687,3,-9.386,0,0.112,0.352,0.0967,0.119,0.495,119.98,4,5TAqSeSM6JI5AGAmMHoSAu,"[{'name': 'Noname', 'genres': ['alternative r&b', 'chicago rap'], 'popularity': 54}]"
leavemealone,"Fred again.., Baby Keem",leavemealone,single,2023-12-08,3:42,2023-12-10T12:50:35Z,Joline Charlotte,71,75.5,0.682,0.882,0,-4.5,1,0.0543,0.00521,0.0194,0.571,0.103,174.052,4,1MVqeIAwhD4T44AKVkIfic,"[{'name': 'Fred again..', 'genres': ['edm', 'house', 'stutter house'], 'popularity': 75}, {'name': 'Baby Keem', 'genres': ['hip hop', 'rap'], 'popularity': 76}]"
